"Type","Category","Name","RelativePath","Size_KB","LastWriteTime"
"Root File","Other","20250609083132573.pdf","20250609083132573.pdf","447","6/9/2025 8:33:30 AM"
"Root File","BS","BS DMVT GDN 132-2025-TK.pdf","BS DMVT GDN 132-2025-TK.pdf","498.75","4/18/2025 1:14:51 PM"
"Root File","BS","BS DMVT GDN 147-2025-TK.pdf","BS DMVT GDN 147-2025-TK.pdf","431.29","5/6/2025 10:31:11 AM"
"Root File","BS","BS GDN 209-2025-TK (BS them SO 2100000320).pdf","BS GDN 209-2025-TK (BS them SO 2100000320).pdf","246.72","7/7/2025 1:55:34 PM"
"Root File","BS","BS GDN 233-2025-TK (DH thu nghiem su cao 3P 35kV-CD1260 Dong hai).pdf","BS GDN 233-2025-TK (DH thu nghiem su cao 3P 35kV-CD1260 Dong hai).pdf","478.13","10/2/2025 10:01:04 AM"
"Root File","BS","BS GDN 234-2025-TK (Thay so may T00031986).pdf","BS GDN 234-2025-TK (Thay so may T00031986).pdf","478.87","7/28/2025 11:06:24 AM"
"Root File","BS","BS-GDN 284-2025-TK (KL Vo thung MBA 1P-100kVA-24225T).pdf","BS-GDN 284-2025-TK (KL Vo thung MBA 1P-100kVA-24225T).pdf","948.42","11/18/2025 8:41:26 AM"
"Root File","BS","BS-GDN 294-2025-TK (Dieu chinh MBA 3500kVA, 4000kVA theo YCKH) GDN 300-2025-KD.pdf","BS-GDN 294-2025-TK (Dieu chinh MBA 3500kVA, 4000kVA theo YCKH) GDN 300-2025-KD.pdf","966.39","10/14/2025 8:21:32 AM"
"Root File","GDN","GDN  42-2025-TK (Dong bao bi go cho he thong giam sat MBA) GDN 28-2025-KD.pdf","GDN  42-2025-TK (Dong bao bi go cho he thong giam sat MBA) GDN 28-2025-KD.pdf","965.75","2/13/2025 10:09:28 AM"
"Root File","GDN","GDN 002-2025-TK (Giao hang SO 2100000257).pdf","GDN 002-2025-TK (Giao hang SO 2100000257).pdf","405.85","1/2/2025 1:43:34 PM"
"Root File","GDN","GDN 004-2024-TK (Dat hang MBA Kho 1000kVA).pdf","GDN 004-2024-TK (Dat hang MBA Kho 1000kVA).pdf","215.25","1/3/2025 3:23:37 PM"
"Root File","GDN","GDN 005-2025-TK (Giao hang SO 1300007534).pdf","GDN 005-2025-TK (Giao hang SO 1300007534).pdf","418.04","1/6/2025 9:33:43 AM"
"Root File","GDN","GDN 006-2025-TK (Sap so nhan nam 2025) GDN 05-2025-KD.pdf","GDN 006-2025-TK (Sap so nhan nam 2025) GDN 05-2025-KD.pdf","1196.28","1/8/2025 8:49:55 AM"
"Root File","GDN","GDN 007-2025-TK (Dieu chinh MBA sau nghiem thu) GDN 004-2025-KD.pdf","GDN 007-2025-TK (Dieu chinh MBA sau nghiem thu) GDN 004-2025-KD.pdf","929.98","1/7/2025 2:51:58 PM"
"Root File","GDN","GDN 008-2025-TK (Sua chua may 320kVA - 24006B bi phong cao ap) GDN 01-2025-MBA.pdf","GDN 008-2025-TK (Sua chua may 320kVA - 24006B bi phong cao ap) GDN 01-2025-MBA.pdf","1241.86","1/8/2025 8:48:08 AM"
"Root File","GDN","GDN 01-2025-TK (Su dung cac thanh dongcat xeo con ton kho-loai gia cong ngoai, dot 1).pdf","GDN 01-2025-TK (Su dung cac thanh dongcat xeo con ton kho-loai gia cong ngoai, dot 1).pdf","33324.72","1/16/2025 11:24:20 AM"
"Root File","GDN","GDN 012-2025-TK (Can doi dat hang bo ty & su ha M55).pdf","GDN 012-2025-TK (Can doi dat hang bo ty & su ha M55).pdf","226.01","1/20/2025 12:55:29 PM"
"Root File","GDN","GDN 015-2025-TK (Giao hang SO 1300007556 & 7565).pdf","GDN 015-2025-TK (Giao hang SO 1300007556 & 7565).pdf","500.06","1/14/2025 1:07:06 PM"
"Root File","GDN","GDN 016-1-25-ĐN-TK( Mua dong la HENTONG).pdf","GDN 016-1-25-ĐN-TK( Mua dong la HENTONG).pdf","201.89","1/16/2025 9:51:44 AM"
"Root File","GDN","GDN 017-2025-TK (Thay su cao thuong, thao bau dau, cap so nhan 2025 cho MBA 1500kVA SM T00029589-SO 1300007582).pdf","GDN 017-2025-TK (Thay su cao thuong, thao bau dau, cap so nhan 2025 cho MBA 1500kVA SM T00029589-SO 1300007582).pdf","1097.55","1/14/2025 10:44:37 AM"
"Root File","GDN","GDN 018-2025-TK (Dem MBA thu nghiem tai Quatest 3).pdf","GDN 018-2025-TK (Dem MBA thu nghiem tai Quatest 3).pdf","5203.64","1/14/2025 2:08:15 PM"
"Root File","GDN","GDN 019-2025-TK (Giao hang SO 1400000701).pdf","GDN 019-2025-TK (Giao hang SO 1400000701).pdf","433.59","1/14/2025 3:12:26 PM"
"Root File","GDN","GDN 020-2025-TK (Cap Co-CQ cho MBA 1600kVA-BBTT4436) GDN 13-2025-KD.pdf","GDN 020-2025-TK (Cap Co-CQ cho MBA 1600kVA-BBTT4436) GDN 13-2025-KD.pdf","671.87","1/15/2025 2:23:34 PM"
"Root File","GDN","GDN 022-2025-TK (Gia cong nap may & binh dau phu).pdf","GDN 022-2025-TK (Gia cong nap may & binh dau phu).pdf","2392.78","1/17/2025 11:09:32 AM"
"Root File","GDN","GDN 022-2025-TK (Gia cong nap may & binh dau phu)-A3.pdf","GDN 022-2025-TK (Gia cong nap may & binh dau phu)-A3.pdf","527.36","1/17/2025 11:09:39 AM"
"Root File","GDN","GDN 023-2025-TK (Dong bao bi go bao ve su cao ha MBA 1600kVA-T00030852)GDN 17-2025-KD.pdf","GDN 023-2025-TK (Dong bao bi go bao ve su cao ha MBA 1600kVA-T00030852)GDN 17-2025-KD.pdf","638.93","1/17/2025 10:47:54 AM"
"Root File","GDN","GDN 024-2025-TK (Lap bo sung gia lap chong set van cho MBA 2500kVA SO 1400000688-T00031068) GDN 04-2025-KDMB.pdf","GDN 024-2025-TK (Lap bo sung gia lap chong set van cho MBA 2500kVA SO 1400000688-T00031068) GDN 04-2025-KDMB.pdf","858.59","1/17/2025 10:47:41 AM"
"Root File","GDN","GDN 025-2025-TK (Lap vo tu kho IP20, cap so nhan 2025 cho MBAK 2500kVA-T00030745-SO 1300007611).pdf","GDN 025-2025-TK (Lap vo tu kho IP20, cap so nhan 2025 cho MBAK 2500kVA-T00030745-SO 1300007611).pdf","930.82","1/21/2025 10:51:35 AM"
"Root File","GDN","GDN 029-2025-TK (Giao hang SO 1400000705).pdf","GDN 029-2025-TK (Giao hang SO 1400000705).pdf","426.05","2/3/2025 1:14:39 PM"
"Root File","GDN","GDN 031-2025-TK (Dem MBA Kho thu nghiem tai nuoc ngoai-SO 1300007623).pdf","GDN 031-2025-TK (Dem MBA Kho thu nghiem tai nuoc ngoai-SO 1300007623).pdf","1167.09","2/4/2025 2:07:13 PM"
"Root File","GDN","GDN 03-2025-TK (Dat BDC tinh, tho 35-22kV Tenglong).pdf","GDN 03-2025-TK (Dat BDC tinh, tho 35-22kV Tenglong).pdf","805.5","1/3/2025 9:28:22 AM"
"Root File","GDN","GDN 032-2025-TK (Dat hang thu nghiem joint cao su chiu dau bat nap may 20x10xL & 20x8xL).pdf","GDN 032-2025-TK (Dat hang thu nghiem joint cao su chiu dau bat nap may 20x10xL & 20x8xL).pdf","220.82","2/6/2025 10:27:41 AM"
"Root File","GDN","GDN 034-2025-TK (Dat hang cac bo ty & su cao, su ha phuc vu cho cac MBA XK thi truong Philippines, Chau my).pdf","GDN 034-2025-TK (Dat hang cac bo ty & su cao, su ha phuc vu cho cac MBA XK thi truong Philippines, Chau my).pdf","2004.08","2/6/2025 10:28:06 AM"
"Root File","GDN","GDN 035-2025-TK (Cap so nhan nam 2025) GDN 22-2025-KD.pdf","GDN 035-2025-TK (Cap so nhan nam 2025) GDN 22-2025-KD.pdf","818.89","2/6/2025 10:47:27 AM"
"Root File","GDN","GDN 036-2025-TK (Cap so nhan nam 2025) GDN 24-2025-KD.pdf","GDN 036-2025-TK (Cap so nhan nam 2025) GDN 24-2025-KD.pdf","1305.74","2/7/2025 2:45:08 PM"
"Root File","GDN","GDN 09-01-25-ĐN-TK( SC 2 may 1P pad mound 37.5kVA nhap ngoai).pdf","GDN 09-01-25-ĐN-TK( SC 2 may 1P pad mound 37.5kVA nhap ngoai).pdf","200.18","1/16/2025 2:01:27 PM"
"Root File","GDN","GDN 100-2025-TK (Mua hang va su dung giay chong bo cao ha Kaemmerer).pdf","GDN 100-2025-TK (Mua hang va su dung giay chong bo cao ha Kaemmerer).pdf","2353.58","3/18/2025 2:03:48 PM"
"Root File","GDN","GDN 101-2025-TK (Cap so nhan nam 2025) GDN 73-2025-KD.pdf","GDN 101-2025-TK (Cap so nhan nam 2025) GDN 73-2025-KD.pdf","1269.1","3/19/2025 1:35:37 PM"
"Root File","GDN","GDN 10-2025-TK (Su dung go ky thuat dien ep gong tren cat ngan).pdf","GDN 10-2025-TK (Su dung go ky thuat dien ep gong tren cat ngan).pdf","230.38","1/8/2025 3:14:27 PM"
"Root File","GDN","GDN 102-6-25-DN-KT(Say lai ruot may)-Hung.pdf","GDN 102-6-25-DN-KT(Say lai ruot may)-Hung.pdf","421.92","6/9/2025 9:58:20 AM"
"Root File","GDN","GDN 103-2025-TK (Cung cap cac thong tin cho may khpng dat thong so).pdf","GDN 103-2025-TK (Cung cap cac thong tin cho may khpng dat thong so).pdf","977.07","4/1/2025 10:00:54 AM"
"Root File","GDN","GDN 104-2025-TK (Ha cong suát 180kVA xuong 160kVA) GDN 78-2025-KD.pdf","GDN 104-2025-TK (Ha cong suát 180kVA xuong 160kVA) GDN 78-2025-KD.pdf","1865.01","3/21/2025 10:47:44 AM"
"Root File","GDN","GDN 105-2025-TK (Lot giay nhun Rospont chong bo MBA).pdf","GDN 105-2025-TK (Lot giay nhun Rospont chong bo MBA).pdf","485.95","3/21/2025 1:12:19 PM"
"Root File","GDN","GDN 106-2025-TK (Dong bao bi go bao ve su cao ha & toan than may) GDN 79-2025-KD.pdf","GDN 106-2025-TK (Dong bao bi go bao ve su cao ha & toan than may) GDN 79-2025-KD.pdf","788.23","3/21/2025 1:45:33 PM"
"Root File","GDN","GDN 108-2025-TK (Dong go Balet ke chan MBA) GDN 84-2025-KD.pdf","GDN 108-2025-TK (Dong go Balet ke chan MBA) GDN 84-2025-KD.pdf","602.28","3/25/2025 12:48:40 PM"
"Root File","GDN","GDN 109-2025-TK (Doi so may hang Thau) GDN 86-2025-KD.pdf","GDN 109-2025-TK (Doi so may hang Thau) GDN 86-2025-KD.pdf","785.34","3/25/2025 12:52:26 PM"
"Root File","GDN","GDN 110-2025-TK (Dua vao su dung van an toan 1 pha Viat 302-010-01NT & VAT 3 pha Viat 308-50110).pdf","GDN 110-2025-TK (Dua vao su dung van an toan 1 pha Viat 302-010-01NT & VAT 3 pha Viat 308-50110).pdf","1563.61","3/25/2025 2:33:29 PM"
"Root File","GDN","GDN 111-2025-TK (Doi so may hang Thau).pdf","GDN 111-2025-TK (Doi so may hang Thau).pdf","580.51","3/25/2025 2:32:52 PM"
"Root File","GDN","GDN 11-2025-TK (Dieu chinh MBA 1000kVA sau nghiem thu)GDN 12-2025-KD.pdf","GDN 11-2025-TK (Dieu chinh MBA 1000kVA sau nghiem thu)GDN 12-2025-KD.pdf","1407.13","1/13/2025 8:42:37 AM"
"Root File","GDN","GDN 112-2025-TK (Dieu chinh MBA 4000kVA theo YCKH)GDN 89-2025-KD.pdf","GDN 112-2025-TK (Dieu chinh MBA 4000kVA theo YCKH)GDN 89-2025-KD.pdf","1622.05","3/27/2025 1:12:18 PM"
"Root File","GDN","GDN 113-2025-TK (Su dung tole 1mm gia cong CTN 1 pha & 3 pha loai co bau dau phu).pdf","GDN 113-2025-TK (Su dung tole 1mm gia cong CTN 1 pha & 3 pha loai co bau dau phu).pdf","509.39","3/28/2025 1:09:24 PM"
"Root File","GDN","GDN 114-2025-TK (Dua vao su dung VAT 3 pha T50-Viat 306050611110) GDN 42-2025-VT.pdf","GDN 114-2025-TK (Dua vao su dung VAT 3 pha T50-Viat 306050611110) GDN 42-2025-VT.pdf","1038.18","3/31/2025 9:38:10 AM"
"Root File","GDN","GDN 115-2025-TK (Cung cap bien ban thu nghiem elbow cac loai).pdf","GDN 115-2025-TK (Cung cap bien ban thu nghiem elbow cac loai).pdf","2028.67","3/31/2025 2:08:59 PM"
"Root File","GDN","GDN 116-2025-TK (Cap so nhan nam 2025) GDN 91-2025-KD.pdf","GDN 116-2025-TK (Cap so nhan nam 2025) GDN 91-2025-KD.pdf","676.83","4/1/2025 11:27:18 AM"
"Root File","GDN","GDN 117-2025-TK (Xu ly MBA 1000kVA, 2000kVA truoc khi giao hang).pdf","GDN 117-2025-TK (Xu ly MBA 1000kVA, 2000kVA truoc khi giao hang).pdf","2736.49","4/2/2025 3:28:46 PM"
"Root File","GDN","GDN 118-2025-KT (Trang bi chuot may tinh Quan-Dan).pdf","GDN 118-2025-KT (Trang bi chuot may tinh Quan-Dan).pdf","195.55","7/2/2025 8:37:10 AM"
"Root File","GDN","GDN 118-4-2025-ĐN-TK(Lap bo ty ha the len tam inox)-M.Thanh.pdf","GDN 118-4-2025-ĐN-TK(Lap bo ty ha the len tam inox)-M.Thanh.pdf","649.77","4/3/2025 9:11:22 AM"
"Root File","GDN","GDN 119-2025-TK (Cap so nhan nam 2025) GDN 96-2025-KD.pdf","GDN 119-2025-TK (Cap so nhan nam 2025) GDN 96-2025-KD.pdf","1101.17","4/4/2025 7:53:45 AM"
"Root File","GDN","GDN 120-2025-TK (Doi so may hang thau) GDN 95-2025-KD.pdf","GDN 120-2025-TK (Doi so may hang thau) GDN 95-2025-KD.pdf","782.8","4/8/2025 8:48:30 AM"
"Root File","GDN","GDN 121-2025-TK (Mua vat tu thu nghiem cam bien MHT410 cho bo giam sat MBA).pdf","GDN 121-2025-TK (Mua vat tu thu nghiem cam bien MHT410 cho bo giam sat MBA).pdf","1223.72","4/8/2025 8:47:53 AM"
"Root File","GDN","GDN 122-2025-TK (Giao hang SO 1300007911).pdf","GDN 122-2025-TK (Giao hang SO 1300007911).pdf","1200.67","4/8/2025 2:37:18 PM"
"Root File","GDN","GDN 123-2025-TK (Thu nghiem day nhom dien tu-Tien thinh).pdf","GDN 123-2025-TK (Thu nghiem day nhom dien tu-Tien thinh).pdf","670.65","4/8/2025 8:48:06 AM"
"Root File","GDN","GDN 124-4-2025-DN-TK( dong bao bi che su)-Tuan.pdf","GDN 124-4-2025-DN-TK( dong bao bi che su)-Tuan.pdf","586.97","4/10/2025 7:45:34 AM"
"Root File","GDN","GDN 125-2025-TK (Huong dan cach chon KCM-MBA 3 pha Dau).pdf","GDN 125-2025-TK (Huong dan cach chon KCM-MBA 3 pha Dau).pdf","564.44","4/14/2025 1:25:43 PM"
"Root File","GDN","GDN 126-2025-TK (Tan dung BTP & ruot MBA 3P 400kVA T00030600& 1250-T00030601).pdf","GDN 126-2025-TK (Tan dung BTP & ruot MBA 3P 400kVA T00030600& 1250-T00030601).pdf","229.29","4/15/2025 3:03:36 PM"
"Root File","GDN","GDN 127-2025-TK (Lot giay nhun Rospont chong bo MBA).pdf","GDN 127-2025-TK (Lot giay nhun Rospont chong bo MBA).pdf","210.74","4/14/2025 11:17:54 AM"
"Root File","GDN","GDN 129-2025-TK (Cap so nhan nam 2025) GDN 106-2025-KD.pdf","GDN 129-2025-TK (Cap so nhan nam 2025) GDN 106-2025-KD.pdf","1131.76","4/16/2025 8:10:55 AM"
"Root File","GDN","GDN 130-2025-TK (Cap so nhan nam 2025) GDN 107-2025-KD.pdf","GDN 130-2025-TK (Cap so nhan nam 2025) GDN 107-2025-KD.pdf","682.39","4/16/2025 8:11:11 AM"
"Root File","GDN","GDN 131-2025-TK (Trung bay mo hinh MBA 3 pha 100kVA) GDN 108-2025-KD.pdf","GDN 131-2025-TK (Trung bay mo hinh MBA 3 pha 100kVA) GDN 108-2025-KD.pdf","481.26","4/17/2025 11:06:49 AM"
"Root File","GDN","GDN 13-2025-TK (Che thu ket cau vo thung 1 pha moi).pdf","GDN 13-2025-TK (Che thu ket cau vo thung 1 pha moi).pdf","236.22","1/20/2025 8:13:14 AM"
"Root File","GDN","GDN 132-2025-TK (Thay nhan may mo hinh MBA 3 pha 100kVA trung bay tai Campuchia).pdf","GDN 132-2025-TK (Thay nhan may mo hinh MBA 3 pha 100kVA trung bay tai Campuchia).pdf","233.94","4/18/2025 10:40:26 AM"
"Root File","GDN","GDN 133-2025-TK (SC & thu do tang nhiet cho day MBA 1 pha UNICORE).pdf","GDN 133-2025-TK (SC & thu do tang nhiet cho day MBA 1 pha UNICORE).pdf","1542.56","4/21/2025 8:25:49 AM"
"Root File","GDN","GDN 134-2025-TK (Cap so nhan nam 2025).pdf","GDN 134-2025-TK (Cap so nhan nam 2025).pdf","642.59","4/21/2025 8:25:32 AM"
"Root File","GDN","GDN 135-2025-TK (Cap so nhan nam 2025) GDN 110-2025-KD.pdf","GDN 135-2025-TK (Cap so nhan nam 2025) GDN 110-2025-KD.pdf","626.75","4/21/2025 10:49:03 AM"
"Root File","GDN","GDN 137-2025-TK (DH MBA Kho JIANGSU HUACHEN).pdf","GDN 137-2025-TK (DH MBA Kho JIANGSU HUACHEN).pdf","536.42","4/22/2025 10:54:36 AM"
"Root File","GDN","GDN 138-2025-TK (Doi so may moi cho KH) 75-KN-P. DVKH.pdf","GDN 138-2025-TK (Doi so may moi cho KH) 75-KN-P. DVKH.pdf","994.48","4/22/2025 10:54:56 AM"
"Root File","GDN","GDN 139-2025-TK (Du toan gia thanh- Tan dung MBA Ton kho HEM).pdf","GDN 139-2025-TK (Du toan gia thanh- Tan dung MBA Ton kho HEM).pdf","273.11","4/22/2025 1:31:23 PM"
"Root File","GDN","GDN 140-2025-TK (Cap nhat catalog MBA tư 2500-4000kVA su dung 7 su ha) (1).pdf","GDN 140-2025-TK (Cap nhat catalog MBA tư 2500-4000kVA su dung 7 su ha) (1).pdf","7745.95","4/24/2025 8:21:01 AM"
"Root File","GDN","GDN 141-2025-TK (Cap so nhan nam 2025-560kVA) GDN 113-2025-KD.pdf","GDN 141-2025-TK (Cap so nhan nam 2025-560kVA) GDN 113-2025-KD.pdf","809.56","4/23/2025 1:37:09 PM"
"Root File","GDN","GDN 142-2025-TK (Cap BV Tong do MBA Kho dien ap dac biet) GDN 116-2025-KD.pdf","GDN 142-2025-TK (Cap BV Tong do MBA Kho dien ap dac biet) GDN 116-2025-KD.pdf","961.42","4/25/2025 9:00:12 AM"
"Root File","GDN","GDN 143-2025-TK (Dat hang MBA Kho JIANGSU HUACHEN).pdf","GDN 143-2025-TK (Dat hang MBA Kho JIANGSU HUACHEN).pdf","436.09","4/25/2025 12:48:34 PM"
"Root File","GDN","GDN 144-2025-TK (Sao y bien ban thu nghiem).pdf","GDN 144-2025-TK (Sao y bien ban thu nghiem).pdf","186.74","4/25/2025 2:00:05 PM"
"Root File","GDN","GDN 145-2025-TK (Cap so nhan nam 2025) GDN 119-2025-KD.pdf","GDN 145-2025-TK (Cap so nhan nam 2025) GDN 119-2025-KD.pdf","639.81","4/26/2025 8:40:38 AM"
"Root File","GDN","GDN 146-2025-TK (Han dau ty, duoi ty vao vai ty su HLS 10kV-1000A.BIL95 may 3522kVA).pdf","GDN 146-2025-TK (Han dau ty, duoi ty vao vai ty su HLS 10kV-1000A.BIL95 may 3522kVA).pdf","214.75","4/29/2025 9:22:39 AM"
"Root File","GDN","GDN 148-2025-TK (Thao may 400kVA, TBKT 20051B-thu nghiem ngan mach).pdf","GDN 148-2025-TK (Thao may 400kVA, TBKT 20051B-thu nghiem ngan mach).pdf","199.54","5/6/2025 2:44:48 PM"
"Root File","GDN","GDN 149-2025-TK (Xu ly loi tole khong dat P0 (2500kVA -24106F), SO 2100000284).pdf","GDN 149-2025-TK (Xu ly loi tole khong dat P0 (2500kVA -24106F), SO 2100000284).pdf","1273.47","5/7/2025 10:45:35 AM"
"Root File","GDN","GDN 150-2025-TK Giao hang So 1300008045).pdf","GDN 150-2025-TK Giao hang So 1300008045).pdf","707.71","5/9/2025 10:17:45 AM"
"Root File","GDN","GDN 151-2025-TK (Dat hang MBA Kho JIANGSU HUACHEN).pdf","GDN 151-2025-TK (Dat hang MBA Kho JIANGSU HUACHEN).pdf","732.65","5/12/2025 8:47:13 AM"
"Root File","GDN","GDN 152-2025-TK (Giao hang SO 1300008068).pdf","GDN 152-2025-TK (Giao hang SO 1300008068).pdf","421.06","5/12/2025 8:48:21 AM"
"Root File","GDN","GDN 155-2025-KT (DH ben ngoai thanh dong ha the cat xeo lan 4....).pdf","GDN 155-2025-KT (DH ben ngoai thanh dong ha the cat xeo lan 4....).pdf","635.44","5/14/2025 7:38:51 AM"
"Root File","GDN","GDN 156-2025-TK (Dieu chinh MBA sau nghiem thu) GDN 1436-2025-KD.pdf","GDN 156-2025-TK (Dieu chinh MBA sau nghiem thu) GDN 1436-2025-KD.pdf","732.89","5/13/2025 1:01:20 PM"
"Root File","GDN","GDN 157-2025-TK (Su dung vat lieu cach dien cap B de gc cho DH SO 1400000770).pdf","GDN 157-2025-TK (Su dung vat lieu cach dien cap B de gc cho DH SO 1400000770).pdf","328.19","5/13/2025 1:00:14 PM"
"Root File","GDN","GDN 159-2025-TK (Dat hang su Plugin 36kV JORDAN).pdf","GDN 159-2025-TK (Dat hang su Plugin 36kV JORDAN).pdf","1359.82","5/14/2025 1:17:23 PM"
"Root File","GDN","GDN 160-2025-TK (Thu nghiem vo tu tai Quatest 3).pdf","GDN 160-2025-TK (Thu nghiem vo tu tai Quatest 3).pdf","257.99","5/15/2025 9:16:10 AM"
"Root File","GDN","GDN 161-2025-TK (Giao hang SO 1300008077).pdf","GDN 161-2025-TK (Giao hang SO 1300008077).pdf","929.35","5/14/2025 2:05:17 PM"
"Root File","GDN","GDN 162-2025-KT (Say ruot may tren lo say chan khong).pdf","GDN 162-2025-KT (Say ruot may tren lo say chan khong).pdf","846.29","8/25/2025 3:26:58 PM"
"Root File","GDN","GDN 162-2025-TK (Su dung dong nhiet WT404-102-000-02AS &Cam bien nhiet do-Cty A Chau).pdf","GDN 162-2025-TK (Su dung dong nhiet WT404-102-000-02AS &Cam bien nhiet do-Cty A Chau).pdf","1427.16","5/15/2025 9:16:48 AM"
"Root File","GDN","GDN 164-2025-TK (Cap so nhan nam 2025) GDN 139-2025-KD.pdf","GDN 164-2025-TK (Cap so nhan nam 2025) GDN 139-2025-KD.pdf","824.64","5/16/2025 10:44:47 AM"
"Root File","GDN","GDN 165-2025-TK (MBA 3522kVA-24115T).pdf","GDN 165-2025-TK (MBA 3522kVA-24115T).pdf","416.91","5/16/2025 2:52:38 PM"
"Root File","GDN","GDN 167-2025-TK (Ha cong suat 800kVA xuong 750kVA giao hang SO 14000000774).pdf","GDN 167-2025-TK (Ha cong suat 800kVA xuong 750kVA giao hang SO 14000000774).pdf","612.71","5/16/2025 2:52:47 PM"
"Root File","GDN","GDN 168-2025-TK (Gia cong bo CTN MBA 3P 2000kVA SO 1300008141).pdf","GDN 168-2025-TK (Gia cong bo CTN MBA 3P 2000kVA SO 1300008141).pdf","763.18","5/20/2025 3:16:40 PM"
"Root File","GDN","GDN 169-2025-TK (De nghi doi cac MBA ve khu vuc tap trung & cung cap phu kien di kem).pdf","GDN 169-2025-TK (De nghi doi cac MBA ve khu vuc tap trung & cung cap phu kien di kem).pdf","1048.51","5/20/2025 3:16:33 PM"
"Root File","GDN","GDN 170-2025-TK (Giao hang roi binh hut am MBA 3P cac loai -MB.).pdf","GDN 170-2025-TK (Giao hang roi binh hut am MBA 3P cac loai -MB.).pdf","905.64","5/22/2025 10:50:00 AM"
"Root File","GDN","GDN 172-2025-TK (SC MBA 3522kVA-24115T).pdf","GDN 172-2025-TK (SC MBA 3522kVA-24115T).pdf","4577.61","5/23/2025 1:20:29 PM"
"Root File","GDN","GDN 173-2025-TK (Doi so may hang thau) 106-KN-DVKH.pdf","GDN 173-2025-TK (Doi so may hang thau) 106-KN-DVKH.pdf","1175.04","5/23/2025 1:08:24 PM"
"Root File","GDN","GDN 175-2025-TK (Thuc hien do kiem tole silic 023SQGD0802 de dua vao san xuat).pdf","GDN 175-2025-TK (Thuc hien do kiem tole silic 023SQGD0802 de dua vao san xuat).pdf","254.57","5/27/2025 1:16:11 PM"
"Root File","GDN","GDN 176-2025-TK (Dieu chinh MBA Kho 2000kVA sau nghiem thu).pdf","GDN 176-2025-TK (Dieu chinh MBA Kho 2000kVA sau nghiem thu).pdf","2184.77","5/27/2025 3:05:32 PM"
"Root File","GDN","GDN 179-2025-TK (Doi so may bao hanh 1P-100kVA).pdf","GDN 179-2025-TK (Doi so may bao hanh 1P-100kVA).pdf","1120.33","5/29/2025 10:13:55 AM"
"Root File","GDN","GDN 180-2025-TK (Mu chup cach dien dau Boulon Dai oc M10, M12).pdf","GDN 180-2025-TK (Mu chup cach dien dau Boulon Dai oc M10, M12).pdf","362.91","5/28/2025 3:27:40 PM"
"Root File","GDN","GDN 181-2025-TK(Ve sinh SC loi tole 560kVA-2544S).pdf","GDN 181-2025-TK(Ve sinh SC loi tole 560kVA-2544S).pdf","909.41","6/3/2025 2:18:16 PM"
"Root File","GDN","GDN 182-6-25-DN-TK(Dieu chinh MBA 2500-4000kVA)-GDN 164-KD.pdf","GDN 182-6-25-DN-TK(Dieu chinh MBA 2500-4000kVA)-GDN 164-KD.pdf","816.35","6/6/2025 3:21:05 PM"
"Root File","GDN","GDN 185-2025-TK (Dieu chinh vo tu kho 2000, 2500, 3150, 4000kVA theo YCKH) GDN 167-KD.pdf","GDN 185-2025-TK (Dieu chinh vo tu kho 2000, 2500, 3150, 4000kVA theo YCKH) GDN 167-KD.pdf","714.86","6/13/2025 1:00:01 PM"
"Root File","GDN","GDN 187-2025-TK (SC & thu do tang nhiet MBA 1P UNICORE 75kVA ).pdf","GDN 187-2025-TK (SC & thu do tang nhiet MBA 1P UNICORE 75kVA ).pdf","675.54","6/16/2025 10:16:34 AM"
"Root File","GDN","GDN 188-2025-TK (Rut ruot may 2500kVA-24207T-T00031082).pdf","GDN 188-2025-TK (Rut ruot may 2500kVA-24207T-T00031082).pdf","214.66","6/16/2025 10:23:26 AM"
"Root File","GDN","GDN 190-2025-TK (Su dung Relay gas VIAT GR.2.2.1.1.2 tuong duong -22110).pdf","GDN 190-2025-TK (Su dung Relay gas VIAT GR.2.2.1.1.2 tuong duong -22110).pdf","1616.73","6/16/2025 2:47:21 PM"
"Root File","GDN","GDN 191-2025-TK (KT Sua chua chuot may tinh).pdf","GDN 191-2025-TK (KT Sua chua chuot may tinh).pdf","281.9","7/1/2025 2:47:12 PM"
"Root File","GDN","GDN 192-2025-TK  (Dieu chinh MBA so nhan thay su) GDN 172-2025-KD.pdf","GDN 192-2025-TK  (Dieu chinh MBA so nhan thay su) GDN 172-2025-KD.pdf","1735.55","6/25/2025 8:48:27 AM"
"Root File","GDN","GDN 193-2025-TK (Tinh gia thanh bo CTN XK USA) TNTT 385-2025-XK.pdf","GDN 193-2025-TK (Tinh gia thanh bo CTN XK USA) TNTT 385-2025-XK.pdf","1332.97","7/1/2025 9:17:29 AM"
"Root File","GDN","GDN 194-2025-TK (Xu ly MBA 400kVA truoc khi giao hang)173-2025-KD.pdf","GDN 194-2025-TK (Xu ly MBA 400kVA truoc khi giao hang)173-2025-KD.pdf","409.25","6/24/2025 12:16:14 PM"
"Root File","GDN","GDN 195-2025-TK (Giao hang SO 1300008346).pdf","GDN 195-2025-TK (Giao hang SO 1300008346).pdf","388.87","6/24/2025 12:16:57 PM"
"Root File","GDN","GDN 196-2025-TK (Thu do kin bo ty su ha the 1.2kV 2690286D08).pdf","GDN 196-2025-TK (Thu do kin bo ty su ha the 1.2kV 2690286D08).pdf","219.44","6/24/2025 12:14:51 PM"
"Root File","GDN","GDN 197-2025-TK (Giao hang SO 1400000819).pdf","GDN 197-2025-TK (Giao hang SO 1400000819).pdf","410.04","6/24/2025 12:17:42 PM"
"Root File","GDN","GDN 198-2025-TK (Cap so nhan 2025) GDN 174-KD.pdf","GDN 198-2025-TK (Cap so nhan 2025) GDN 174-KD.pdf","578.85","6/25/2025 9:15:52 AM"
"Root File","GDN","GDN 199-2025-TK (Kiem tra & thay Joint qua tram su ha M30).pdf","GDN 199-2025-TK (Kiem tra & thay Joint qua tram su ha M30).pdf","933.4","6/26/2025 9:23:54 AM"
"Root File","GDN","GDN 200-2025-TK (Giao hang SO 1300008388).pdf","GDN 200-2025-TK (Giao hang SO 1300008388).pdf","464.29","6/27/2025 11:01:21 AM"
"Root File","GDN","GDN 201-2025-TK (GC BS cac chi tiet & trang tri MBA trung bay 100kVA-22242E).pdf","GDN 201-2025-TK (GC BS cac chi tiet & trang tri MBA trung bay 100kVA-22242E).pdf","1349.2","6/27/2025 2:41:05 PM"
"Root File","GDN","GDN 203-2025-TK (Xu ly loi tole khong dat P0, 1600kVA-24104G, SO 1300008271).pdf","GDN 203-2025-TK (Xu ly loi tole khong dat P0, 1600kVA-24104G, SO 1300008271).pdf","1697.39","7/1/2025 1:01:23 PM"
"Root File","GDN","GDN 204-2025-TK (Su dung tole silic ton kho MBA 3P loi tole xep).pdf","GDN 204-2025-TK (Su dung tole silic ton kho MBA 3P loi tole xep).pdf","894.33","7/1/2025 1:02:30 PM"
"Root File","GDN","GDN 205-2025-TK (Ho tro dieu chinh MBA Kho 3000kVA-Cty Vinh thuan) GDN 186-2025-KD.pdf","GDN 205-2025-TK (Ho tro dieu chinh MBA Kho 3000kVA-Cty Vinh thuan) GDN 186-2025-KD.pdf","1115.29","7/2/2025 8:28:56 AM"
"Root File","GDN","GDN 206-2025-TK (SC & thu do tang nhiet MBA 1P UNICORE 25kVA Vo ma nhung kem nong).pdf","GDN 206-2025-TK (SC & thu do tang nhiet MBA 1P UNICORE 25kVA Vo ma nhung kem nong).pdf","221.58","7/3/2025 10:27:54 AM"
"Root File","GDN","GDN 209-2025-TK (Xu ly loi tole khong dat P0 2500kVA-24106F, SO 2100000314).pdf","GDN 209-2025-TK (Xu ly loi tole khong dat P0 2500kVA-24106F, SO 2100000314).pdf","1687.56","7/4/2025 12:56:20 PM"
"Root File","GDN","GDN 210-2025-TK (Mua giay cach dien-cap nhat nha cung cap).pdf","GDN 210-2025-TK (Mua giay cach dien-cap nhat nha cung cap).pdf","751.08","7/3/2025 12:57:38 PM"
"Root File","GDN","GDN 211-2025-TK (Cap so nhan 2025) GDN 191-2025-KD.pdf","GDN 211-2025-TK (Cap so nhan 2025) GDN 191-2025-KD.pdf","643.89","7/3/2025 12:58:23 PM"
"Root File","GDN","GDN 21-2025-TK (Su dung cac thanh dong cat xeo con ton kho cho cac may tole PHD-loai gia cong ngoai dot 1).pdf","GDN 21-2025-TK (Su dung cac thanh dong cat xeo con ton kho cho cac may tole PHD-loai gia cong ngoai dot 1).pdf","9081.17","2/13/2025 10:20:12 AM"
"Root File","GDN","GDN 212-2025-TK (Dieu chinh sau nghiem thu) GDN 188-2025-KD.pdf","GDN 212-2025-TK (Dieu chinh sau nghiem thu) GDN 188-2025-KD.pdf","1009.97","7/3/2025 12:58:12 PM"
"Root File","GDN","GDN 213-2025-TK (Giao Hang SO 1300008460).pdf","GDN 213-2025-TK (Giao Hang SO 1300008460).pdf","444.39","7/7/2025 2:40:34 PM"
"Root File","GDN","GDN 214-2025-TK (Giao hang SO 1300008449).pdf","GDN 214-2025-TK (Giao hang SO 1300008449).pdf","457.76","7/8/2025 9:26:58 AM"
"Root File","GDN","GDN 215-2025-TK (Ho tro dieu chinh MBA kho 3000kVA-Cty Vinh thuan).pdf","GDN 215-2025-TK (Ho tro dieu chinh MBA kho 3000kVA-Cty Vinh thuan).pdf","473.55","7/8/2025 10:56:13 AM"
"Root File","GDN","GDN 216-2025-TK (Thu do kin bo ty su ha the 1.2kV 2690286D08).pdf","GDN 216-2025-TK (Thu do kin bo ty su ha the 1.2kV 2690286D08).pdf","307.03","7/8/2025 1:38:24 PM"
"Root File","GDN","GDN 218-2025-TK (Giao hang SO 1300008470).pdf","GDN 218-2025-TK (Giao hang SO 1300008470).pdf","443.96","7/8/2025 3:29:55 PM"
"Root File","GDN","GDN 219-2025-TK (Lay mau hang thau ban hang le) GDN 185-2025-KD.pdf","GDN 219-2025-TK (Lay mau hang thau ban hang le) GDN 185-2025-KD.pdf","748.8","7/9/2025 1:30:14 PM"
"Root File","GDN","GDN 220-2025-TK (Ho tro dieu chinh MBA Kho 3000kVA-Cty Vinh thuan).pdf","GDN 220-2025-TK (Ho tro dieu chinh MBA Kho 3000kVA-Cty Vinh thuan).pdf","420.55","7/11/2025 11:26:12 AM"
"Root File","GDN","GDN 222-2025-TK (Giao hang SO 1400000836).pdf","GDN 222-2025-TK (Giao hang SO 1400000836).pdf","502.98","7/15/2025 3:28:14 PM"
"Root File","GDN","GDN 224-2025-Tk (Thay doi kich thuoc patte siet cap M42 cho MBA 3P-1500kVA.pdf","GDN 224-2025-Tk (Thay doi kich thuoc patte siet cap M42 cho MBA 3P-1500kVA.pdf","524.25","7/18/2025 3:19:45 PM"
"Root File","GDN","GDN 225-2025-TK (Xu ly 400-24007B cp Pk cao hon tieu chuan T00033429).pdf","GDN 225-2025-TK (Xu ly 400-24007B cp Pk cao hon tieu chuan T00033429).pdf","896.42","7/18/2025 3:19:22 PM"
"Root File","GDN","GDN 226-2025-TK (DH gia cong ngoai vo tu kho cac loai lap roi phai co bao bi go kieu ho).pdf","GDN 226-2025-TK (DH gia cong ngoai vo tu kho cac loai lap roi phai co bao bi go kieu ho).pdf","243.93","7/22/2025 9:22:30 AM"
"Root File","GDN","GDN 227-2025-TK (Cap BV nhan may bien ap 1P Philippines) GDN 40-2025-KHSX.pdf","GDN 227-2025-TK (Cap BV nhan may bien ap 1P Philippines) GDN 40-2025-KHSX.pdf","1285.79","7/23/2025 8:21:41 AM"
"Root File","GDN","GDN 228-2025-TK (Thao vo tu IP20, giao hang SO 1300008562).pdf","GDN 228-2025-TK (Thao vo tu IP20, giao hang SO 1300008562).pdf","401.26","7/23/2025 8:21:11 AM"
"Root File","GDN","GDN 229-2025-TK (Giao hang SO 1400000841).pdf","GDN 229-2025-TK (Giao hang SO 1400000841).pdf","570.11","7/23/2025 1:27:34 PM"
"Root File","GDN","GDN 231-2025-TK (Giao hang SO 1300008568).pdf","GDN 231-2025-TK (Giao hang SO 1300008568).pdf","497.5","7/23/2025 1:34:24 PM"
"Root File","GDN","GDN 232-2025-TK (MBA 1P Pad Mounted 50kVA).pdf","GDN 232-2025-TK (MBA 1P Pad Mounted 50kVA).pdf","249.58","7/24/2025 10:55:48 AM"
"Root File","GDN","GDN 233-2025-TK (DH thu nghiem su cao 3P 35kV-CD1260 Dong Hai).pdf","GDN 233-2025-TK (DH thu nghiem su cao 3P 35kV-CD1260 Dong Hai).pdf","441.46","7/25/2025 10:19:26 AM"
"Root File","GDN","GDN 234-2025-TK (Giao hang SO 1300008580).pdf","GDN 234-2025-TK (Giao hang SO 1300008580).pdf","619.38","7/25/2025 2:26:43 PM"
"Root File","GDN","GDN 235-2025-TK (Thao vo tu IP20, giao hang SO 1400000848).pdf","GDN 235-2025-TK (Thao vo tu IP20, giao hang SO 1400000848).pdf","406.75","7/30/2025 9:48:45 AM"
"Root File","GDN","GDN 236-2025-TK (Ap dung nhan may thep khng gi cho MBA XK).pdf","GDN 236-2025-TK (Ap dung nhan may thep khng gi cho MBA XK).pdf","210.96","7/30/2025 9:50:40 AM"
"Root File","GDN","GDN 238-2025-TK (Sao y bien ban thu nghiem).pdf","GDN 238-2025-TK (Sao y bien ban thu nghiem).pdf","187.11","7/31/2025 1:45:48 PM"
"Root File","GDN","GDN 239-2025-TK (Thu nghiem do tang nhiet MBA Kho).pdf","GDN 239-2025-TK (Thu nghiem do tang nhiet MBA Kho).pdf","574.4","8/1/2025 8:24:22 AM"
"Root File","GDN","GDN 241-2025-TK (Vo thung MBA 1 pha loai Ø630, Ø660).pdf","GDN 241-2025-TK (Vo thung MBA 1 pha loai Ø630, Ø660).pdf","3238.6","8/5/2025 1:05:07 PM"
"Root File","GDN","GDN 242-2025-TK (KL quet keo BK lam kin be mat Joint BTP lap tren nap may 3P).pdf","GDN 242-2025-TK (KL quet keo BK lam kin be mat Joint BTP lap tren nap may 3P).pdf","259.7","8/4/2025 1:25:08 PM"
"Root File","GDN","GDN 243-2025-TK (Mua thu nghiem day nhom dien tu) GDN 53-2025-VT.pdf","GDN 243-2025-TK (Mua thu nghiem day nhom dien tu) GDN 53-2025-VT.pdf","477.98","8/5/2025 8:38:31 AM"
"Root File","GDN","GDN 244-2025-TK (Thu nghiem 100Hz cho BDC CAPT 235F SC tai THIBIDI).pdf","GDN 244-2025-TK (Thu nghiem 100Hz cho BDC CAPT 235F SC tai THIBIDI).pdf","273.62","8/5/2025 2:59:19 PM"
"Root File","GDN","GDN 245-2025-TK (Gưi Sensor Vaisala MHT410 den EMIC de thuc hien kiem tra, danh gia thuc te).pdf","GDN 245-2025-TK (Gưi Sensor Vaisala MHT410 den EMIC de thuc hien kiem tra, danh gia thuc te).pdf","262.47","8/5/2025 12:54:54 PM"
"Root File","GDN","GDN 246-2025-TK (KT thay moi toan bo Joint ty su ha M12 cho MBA lo Thau Lao).pdf","GDN 246-2025-TK (KT thay moi toan bo Joint ty su ha M12 cho MBA lo Thau Lao).pdf","1120.94","8/6/2025 2:49:44 PM"
"Root File","GDN","GDN 247-2025-TK (Bong bao bi go bao ve vo tu kho IP21 lap roi SO1700000646) 212-KD.pdf","GDN 247-2025-TK (Bong bao bi go bao ve vo tu kho IP21 lap roi SO1700000646) 212-KD.pdf","523.18","8/7/2025 1:34:06 PM"
"Root File","GDN","GDN 248-2025-TK (Giao hang SO 1300008644&1300008645).pdf","GDN 248-2025-TK (Giao hang SO 1300008644&1300008645).pdf","597.04","8/11/2025 1:55:40 PM"
"Root File","GDN","GDN 249-2025-TK (SC MBA 2000kVA-24152B, T00034130) GDN 30-2025-TBD.pdf","GDN 249-2025-TK (SC MBA 2000kVA-24152B, T00034130) GDN 30-2025-TBD.pdf","1080.64","8/12/2025 2:23:46 PM"
"Root File","GDN","GDN 250-2025-TK (Su dung giay DPP 0.05mm).pdf","GDN 250-2025-TK (Su dung giay DPP 0.05mm).pdf","515.1","8/18/2025 1:26:47 PM"
"Root File","GDN","GDN 251-2025-TK (Cap the cao dien thoai cho Huy).pdf","GDN 251-2025-TK (Cap the cao dien thoai cho Huy).pdf","200.94","9/4/2025 12:56:44 PM"
"Root File","GDN","GDN 252-2025-TK (Trang bi o cung roi luu tru du lieu P. TK & P. KT).pdf","GDN 252-2025-TK (Trang bi o cung roi luu tru du lieu P. TK & P. KT).pdf","209.16","9/4/2025 12:56:50 PM"
"Root File","GDN","GDN 254-2025-TK (Bao quan van chuyen vo tu MBA Kho GC ngoai Cty).pdf","GDN 254-2025-TK (Bao quan van chuyen vo tu MBA Kho GC ngoai Cty).pdf","585.29","8/22/2025 3:35:01 PM"
"Root File","GDN","GDN 255-2025-TK (Quan thu nghiem boi day ha ap AMP 4000kVA-25135T tren may quan dong la moi TQ).pdf","GDN 255-2025-TK (Quan thu nghiem boi day ha ap AMP 4000kVA-25135T tren may quan dong la moi TQ).pdf","2242.32","8/22/2025 3:35:29 PM"
"Root File","GDN","GDN 256-2025-TK (Tang cuong cach dien cuon day cao the).pdf","GDN 256-2025-TK (Tang cuong cach dien cuon day cao the).pdf","198.75","8/26/2025 10:29:52 AM"
"Root File","GDN","GDN 257-2025-TK (Test dong la Henan o trung tam kiem dinh 3).pdf","GDN 257-2025-TK (Test dong la Henan o trung tam kiem dinh 3).pdf","514.77","8/25/2025 9:33:18 AM"
"Root File","GDN","GDN 258-2025-TK (Su dung giay cach dien lot lop cap B gia cong SO1400000770 Cty A Chau).pdf","GDN 258-2025-TK (Su dung giay cach dien lot lop cap B gia cong SO1400000770 Cty A Chau).pdf","544.78","8/25/2025 8:39:34 AM"
"Root File","GDN","GDN 259-2025-TK (Thu nghiem MBA dau 3P-1000, 2000kVA) GDN 45-2025-KDMB.pdf","GDN 259-2025-TK (Thu nghiem MBA dau 3P-1000, 2000kVA) GDN 45-2025-KDMB.pdf","516.7","8/25/2025 9:32:14 AM"
"Root File","GDN","GDN 260-2025-TK (Giao hang SO 1300008308 & SO 1300008334).pdf","GDN 260-2025-TK (Giao hang SO 1300008308 & SO 1300008334).pdf","2039.82","8/25/2025 1:58:50 PM"
"Root File","GDN","GDN 261-2025-TK (Giu mau dau khoang den Emic de thuc hien kiem tra cam bien MH410).pdf","GDN 261-2025-TK (Giu mau dau khoang den Emic de thuc hien kiem tra cam bien MH410).pdf","494.97","8/26/2025 9:17:16 AM"
"Root File","GDN","GDN 262-2025-TK (Xi ma lai toan bo ty cao M30 (HLS10kV-1000A-BIL95)-3522kVA).pdf","GDN 262-2025-TK (Xi ma lai toan bo ty cao M30 (HLS10kV-1000A-BIL95)-3522kVA).pdf","484.97","8/26/2025 9:27:10 AM"
"Root File","GDN","GDN 263-2025-TK (Test dong la 0.4x170mm Hentong o Trung tam kiem dinh 3).pdf","GDN 263-2025-TK (Test dong la 0.4x170mm Hentong o Trung tam kiem dinh 3).pdf","261.71","8/27/2025 1:45:15 PM"
"Root File","GDN","GDN 266-2025-TK (Trang bi phan mem co ban quyen AUTOCAD cho 02 KS moi P. TK)).pdf","GDN 266-2025-TK (Trang bi phan mem co ban quyen AUTOCAD cho 02 KS moi P. TK)).pdf","47.71","9/4/2025 1:26:33 PM"
"Root File","GDN","GDN 267-2025-TK (Cap the cao dien thoai cho Huy).pdf","GDN 267-2025-TK (Cap the cao dien thoai cho Huy).pdf","728.82","9/4/2025 12:57:07 PM"
"Root File","GDN","GDN 268-2025-TK (Xu ly MBA co thong so Po cao 250kVA-25078S).pdf","GDN 268-2025-TK (Xu ly MBA co thong so Po cao 250kVA-25078S).pdf","401.63","9/3/2025 2:12:36 PM"
"Root File","GDN","GDN 269-2025-TK (Giam tru phu kien WTI cho SO 1300008502) GDN 47-2025-KDMB.pdf","GDN 269-2025-TK (Giam tru phu kien WTI cho SO 1300008502) GDN 47-2025-KDMB.pdf","960.06","9/8/2025 10:18:56 AM"
"Root File","GDN","GDN 270-2025-TK (Do do gian dong la, KT moi han TIG boi day ha ap MBA AMP 4000kVA-25135T...).pdf","GDN 270-2025-TK (Do do gian dong la, KT moi han TIG boi day ha ap MBA AMP 4000kVA-25135T...).pdf","342.54","9/5/2025 10:34:39 AM"
"Root File","GDN","GDN 271-2025-TK (BS Boulon, dai oc lap patte siet cap ha Thau Lao) GDN 279-2025-KD.pdf","GDN 271-2025-TK (BS Boulon, dai oc lap patte siet cap ha Thau Lao) GDN 279-2025-KD.pdf","767.43","9/5/2025 10:34:53 AM"
"Root File","GDN","GDN 273-2025-TK (SC MBA 3P 160kVA-25074C khong dat Pk75).pdf","GDN 273-2025-TK (SC MBA 3P 160kVA-25074C khong dat Pk75).pdf","413.61","9/5/2025 1:15:06 PM"
"Root File","GDN","GDN 274-2025-TK (SC MBA 1P-75kVA-25155T).pdf","GDN 274-2025-TK (SC MBA 1P-75kVA-25155T).pdf","1115.12","9/8/2025 1:21:00 PM"
"Root File","GDN","GDN 276-2025-TK (Giao hang SO 1300008800).pdf","GDN 276-2025-TK (Giao hang SO 1300008800).pdf","412.9","9/15/2025 1:26:39 PM"
"Root File","GDN","GDN 278-2025-TK (Xu ly MBA 400kVA co thong so Po, Pk cao TBKT 25092S, 25091S).pdf","GDN 278-2025-TK (Xu ly MBA 400kVA co thong so Po, Pk cao TBKT 25092S, 25091S).pdf","439.16","9/15/2025 3:06:02 PM"
"Root File","GDN","GDN 281-2025-TK (Thay doi vat lieu nhan MBA 1P & 3P) BB 33-2025-BCTN-KT.pdf","GDN 281-2025-TK (Thay doi vat lieu nhan MBA 1P & 3P) BB 33-2025-BCTN-KT.pdf","1652.89","9/19/2025 1:04:49 PM"
"Root File","GDN","GDN 28-2025-TK (Su dung Joint tron phi12).pdf","GDN 28-2025-TK (Su dung Joint tron phi12).pdf","270.02","1/24/2025 9:24:57 AM"
"Root File","GDN","GDN 282-2025-TK (Thu nghiem do tang nhiet SO1400000900).pdf","GDN 282-2025-TK (Thu nghiem do tang nhiet SO1400000900).pdf","201.95","9/19/2025 12:59:56 PM"
"Root File","GDN","GDN 283-2025-KT (Trang bi thuoc do ky thuat).pdf","GDN 283-2025-KT (Trang bi thuoc do ky thuat).pdf","445.12","9/24/2025 2:38:12 PM"
"Root File","GDN","GDN 284-2025-TK (KL vo thùng MBA 1P100kVA-24225).pdf","GDN 284-2025-TK (KL vo thùng MBA 1P100kVA-24225).pdf","548.18","9/24/2025 2:36:28 PM"
"Root File","GDN","GDN 285-2025-Tk (Lap them tole cho MBA 2000kVA-25090D).pdf","GDN 285-2025-Tk (Lap them tole cho MBA 2000kVA-25090D).pdf","1071.62","9/30/2025 1:50:10 PM"
"Root File","GDN","GDN 286-2025-TK (GC thu nghiem cuon day cao the MBA kho 400kVA).pdf","GDN 286-2025-TK (GC thu nghiem cuon day cao the MBA kho 400kVA).pdf","238.03","9/29/2025 2:17:53 PM"
"Root File","GDN","GDN 287-2025-TK (Phan hoi cua nha cung cap vat tu).pdf","GDN 287-2025-TK (Phan hoi cua nha cung cap vat tu).pdf","241.78","10/3/2025 10:04:08 AM"
"Root File","GDN","GDN 288-2025-TK (Thay doi patte siet cap ha the M48 cho ca MBA 3500, 4000kVA).pdf","GDN 288-2025-TK (Thay doi patte siet cap ha the M48 cho ca MBA 3500, 4000kVA).pdf","1013.62","10/1/2025 10:11:35 AM"
"Root File","GDN","GDN 289-2025-TK (Bo sung banh xe cho may SC 1200kVA).pdf","GDN 289-2025-TK (Bo sung banh xe cho may SC 1200kVA).pdf","1442.15","10/1/2025 1:32:41 PM"
"Root File","GDN","GDN 290-2025-TK (Trang bi may vi tinh cho nhan vien moi (Tu).pdf","GDN 290-2025-TK (Trang bi may vi tinh cho nhan vien moi (Tu).pdf","196.39","10/9/2025 10:01:43 AM"
"Root File","GDN","GDN 291-2025-TK (DH Su cao MBA 35kV-CD965).pdf","GDN 291-2025-TK (DH Su cao MBA 35kV-CD965).pdf","957.16","10/7/2025 2:01:12 PM"
"Root File","GDN","GDN 292-2025-TK (Giao hang SO 2100000381).pdf","GDN 292-2025-TK (Giao hang SO 2100000381).pdf","809.33","10/7/2025 2:01:26 PM"
"Root File","GDN","GDN 293-2025-TK (Doi so may giao hang SO 1300008635 & SO 1300008744).pdf","GDN 293-2025-TK (Doi so may giao hang SO 1300008635 & SO 1300008744).pdf","730.08","10/8/2025 11:18:51 AM"
"Root File","GDN","GDN 294-2025-TK (Dieu chinh MBA 3500kVA & 4000kVA Theo YCKH).pdf","GDN 294-2025-TK (Dieu chinh MBA 3500kVA & 4000kVA Theo YCKH).pdf","1275.48","10/13/2025 2:02:47 PM"
"Root File","GDN","GDN 295-2025-TK (Gia cong thu nghiem cuon day MBA Kho).pdf","GDN 295-2025-TK (Gia cong thu nghiem cuon day MBA Kho).pdf","242.69","10/14/2025 8:02:30 AM"
"Root File","GDN","GDN 296-2025-TK (DH Su cao 3P 38.5kV-CD1260 HLS).pdf","GDN 296-2025-TK (DH Su cao 3P 38.5kV-CD1260 HLS).pdf","579.92","10/14/2025 1:04:03 PM"
"Root File","GDN","GDN 297-2025-TK (DH su cao 3 pha 38.5kV-CD1260 HLS).pdf","GDN 297-2025-TK (DH su cao 3 pha 38.5kV-CD1260 HLS).pdf","560.93","10/17/2025 9:08:22 AM"
"Root File","GDN","GDN 298-2025-TK (Them 02 step tole cho 02 may 5000kVA-25169T, 4000kVA-23005D).pdf","GDN 298-2025-TK (Them 02 step tole cho 02 may 5000kVA-25169T, 4000kVA-23005D).pdf","1866.62","10/17/2025 1:31:15 PM"
"Root File","GDN","GDN 300-2025-TK (Tim nha cung cap xa kep hop cho MBA Kho TQ).pdf","GDN 300-2025-TK (Tim nha cung cap xa kep hop cho MBA Kho TQ).pdf","1068.47","10/21/2025 10:42:22 AM"
"Root File","GDN","GDN 301-2025-TK (Gia cong nap may 1600kVA SO 1400000900-20).pdf","GDN 301-2025-TK (Gia cong nap may 1600kVA SO 1400000900-20).pdf","536.36","10/21/2025 9:09:58 AM"
"Root File","GDN","GDN 303-2025-TK (GC Tam inox M36-tam su 150 dap u tron).pdf","GDN 303-2025-TK (GC Tam inox M36-tam su 150 dap u tron).pdf","505.57","10/22/2025 8:28:25 AM"
"Root File","GDN","GDN 304-2025-TK (De nghi cung cap mau dong la de kiem dinh chat luong tai TT3).pdf","GDN 304-2025-TK (De nghi cung cap mau dong la de kiem dinh chat luong tai TT3).pdf","311.16","10/23/2025 8:35:29 AM"
"Root File","GDN","GDN 305-2025-TK (SC cac MBA Kho Long Gong).pdf","GDN 305-2025-TK (SC cac MBA Kho Long Gong).pdf","231.79","10/23/2025 10:16:31 AM"
"Root File","GDN","GDN 306-2025-TK (Cap bo banh xe cho SO 1700000667) GDN 299-2025-KD).pdf","GDN 306-2025-TK (Cap bo banh xe cho SO 1700000667) GDN 299-2025-KD).pdf","709.59","10/24/2025 8:48:27 AM"
"Root File","GDN","GDN 307-2025-TK (DH MBA Kho gia cong tai CTy) GDN 68-2025-KHSX.pdf","GDN 307-2025-TK (DH MBA Kho gia cong tai CTy) GDN 68-2025-KHSX.pdf","1571.78","10/27/2025 2:10:14 PM"
"Root File","GDN","GDN 308-2025-TK (Nghiem thu MBA 3522kVA).pdf","GDN 308-2025-TK (Nghiem thu MBA 3522kVA).pdf","212.8","10/27/2025 2:09:46 PM"
"Root File","GDN","GDN 309-2025-TK (KL Khao sat MBA mua ve).pdf","GDN 309-2025-TK (KL Khao sat MBA mua ve).pdf","310.89","10/29/2025 10:07:03 AM"
"Root File","GDN","GDN 310-2025-TK (Nhap kho cac MBA che thu dat thong so de ban hang).pdf","GDN 310-2025-TK (Nhap kho cac MBA che thu dat thong so de ban hang).pdf","602.55","10/29/2025 1:29:06 PM"
"Root File","GDN","GDN 311-2025-TK (Bao quan van chuyen vo tu MBA Kho gia cong ngoai Cty).pdf","GDN 311-2025-TK (Bao quan van chuyen vo tu MBA Kho gia cong ngoai Cty).pdf","1044.76","10/30/2025 2:39:07 PM"
"Root File","GDN","GDN 312-2025-TK (Cap so nhan 2025) GDN 315-2025-KD.pdf","GDN 312-2025-TK (Cap so nhan 2025) GDN 315-2025-KD.pdf","803.85","11/3/2025 3:20:36 PM"
"Root File","GDN","GDN 313-2025-TK (Thu nghiem vo thung MBA ) Luu.pdf","GDN 313-2025-TK (Thu nghiem vo thung MBA ) Luu.pdf","184.7","11/4/2025 9:13:20 AM"
"Root File","GDN","GDN 314-2025-Xu ly cac MBA Kho bi vo nuoc) BB 49-2025-BN-KS.pdf","GDN 314-2025-Xu ly cac MBA Kho bi vo nuoc) BB 49-2025-BN-KS.pdf","159.11","11/6/2025 7:53:05 AM"
"Root File","GDN","GDN 315-2025-TK (Phu cap tien dien thoai cho nhan vien P. TK).pdf","GDN 315-2025-TK (Phu cap tien dien thoai cho nhan vien P. TK).pdf","315.06","11/14/2025 8:29:06 AM"
"Root File","GDN","GDN 318-2025-TK (Giao hang SO 1300009089).pdf","GDN 318-2025-TK (Giao hang SO 1300009089).pdf","425.65","11/6/2025 8:35:54 AM"
"Root File","GDN","GDN 319-2025-TK (DH bo xung thanh dong MBA Kho 2000kVA-Cty Tan Binh Phat) GDN 65-2025-KDMB.pdf","GDN 319-2025-TK (DH bo xung thanh dong MBA Kho 2000kVA-Cty Tan Binh Phat) GDN 65-2025-KDMB.pdf","2042.56","11/7/2025 1:47:52 PM"
"Root File","GDN","GDN 320-2025-TK (Gia cong can tren cho MBA Kho 630kVA).pdf","GDN 320-2025-TK (Gia cong can tren cho MBA Kho 630kVA).pdf","390.84","11/7/2025 3:00:35 PM"
"Root File","GDN","GDN 322-2025-TK (Giao hang SO 1300009104).pdf","GDN 322-2025-TK (Giao hang SO 1300009104).pdf","433.54","11/10/2025 8:32:59 AM"
"Root File","GDN","GDN 323-2025-TK (Dat hang MBA Padmounted 600kVA).pdf","GDN 323-2025-TK (Dat hang MBA Padmounted 600kVA).pdf","1057.64","11/11/2025 10:21:06 AM"
"Root File","GDN","GDN 325-2025-TK (Tim nha cung cap thep hinh can nong theo TC mua hang).pdf","GDN 325-2025-TK (Tim nha cung cap thep hinh can nong theo TC mua hang).pdf","1590.46","11/11/2025 8:43:46 AM"
"Root File","GDN","GDN 326-2025-TK (DH su cao 3 pha 10kV-250A CD295 Hoang Lien Son).pdf","GDN 326-2025-TK (DH su cao 3 pha 10kV-250A CD295 Hoang Lien Son).pdf","1254.26","11/13/2025 9:16:27 AM"
"Root File","GDN","GDN 327-2025-TK (Giao hang SO 1300009115).pdf","GDN 327-2025-TK (Giao hang SO 1300009115).pdf","435.55","11/13/2025 2:56:08 PM"
"Root File","GDN","GDN 329-2025-TK (Kiem tra nong do khi Hydro trong dau).pdf","GDN 329-2025-TK (Kiem tra nong do khi Hydro trong dau).pdf","217.63","11/17/2025 10:30:54 AM"
"Root File","GDN","GDN 330-2025-TK (Lap nhan may cho MBA kho HUACHEN).pdf","GDN 330-2025-TK (Lap nhan may cho MBA kho HUACHEN).pdf","599","11/17/2025 1:12:41 PM"
"Root File","GDN","GDN 331-2025-TK (Cap bo sung nhan MBA moi 2 cap dien ap dau Dyn).pdf","GDN 331-2025-TK (Cap bo sung nhan MBA moi 2 cap dien ap dau Dyn).pdf","700.07","11/19/2025 3:25:14 PM"
"Root File","GDN","GDN 33-2025-TK (Khac phuc theo yeu cau KH cho MBA Kho 2000kVA).pdf","GDN 33-2025-TK (Khac phuc theo yeu cau KH cho MBA Kho 2000kVA).pdf","521.31","2/5/2025 1:28:42 PM"
"Root File","GDN","GDN 332-2025-TK (Giao hang SO 1300009197).pdf","GDN 332-2025-TK (Giao hang SO 1300009197).pdf","438.58","11/24/2025 3:33:34 PM"
"Root File","GDN","GDN 333-2025-TK (Dat hang Joint Acrylic).pdf","GDN 333-2025-TK (Dat hang Joint Acrylic).pdf","763.82","11/27/2025 8:49:12 AM"
"Root File","GDN","GDN 334-2025-KT (Trang bi con dau cho P. TK nam 2026).pdf","GDN 334-2025-KT (Trang bi con dau cho P. TK nam 2026).pdf","344.37","11/27/2025 2:03:10 PM"
"Root File","GDN","GDN 336-2025-TK (Mua van bi lap cam bien Vaisala MH410).pdf","GDN 336-2025-TK (Mua van bi lap cam bien Vaisala MH410).pdf","833.28","12/2/2025 3:16:11 PM"
"Root File","GDN","GDN 37-2025-TK (DH van an toan 3P Duy cong VDC-50 (50kVA).pdf","GDN 37-2025-TK (DH van an toan 3P Duy cong VDC-50 (50kVA).pdf","755.17","2/11/2025 11:04:36 AM"
"Root File","GDN","GDN 38-2025-TK (Cap so nhan nam 2025).pdf","GDN 38-2025-TK (Cap so nhan nam 2025).pdf","464.52","2/11/2025 9:15:29 AM"
"Root File","GDN","GDN 39-2025-TK (Gia cong thanh may cho loi tole UNICORE 20SQGD065 moi).pdf","GDN 39-2025-TK (Gia cong thanh may cho loi tole UNICORE 20SQGD065 moi).pdf","215.09","2/11/2025 1:44:38 PM"
"Root File","GDN","GDN 40-2025-TK (Thu nghiem van an toan ABB T10-K1).pdf","GDN 40-2025-TK (Thu nghiem van an toan ABB T10-K1).pdf","825.15","2/12/2025 11:21:44 AM"
"Root File","GDN","GDN 43-2025-(Rut ruot kiem tra truoc khi nghiem thu MBA 1600kVA).pdf","GDN 43-2025-(Rut ruot kiem tra truoc khi nghiem thu MBA 1600kVA).pdf","692.41","2/13/2025 9:48:00 AM"
"Root File","GDN","GDN 44-2025-TK (Thu nghiem day dong dien tu-Tien Thinh) GDN 08-2025-VT.pdf","GDN 44-2025-TK (Thu nghiem day dong dien tu-Tien Thinh) GDN 08-2025-VT.pdf","1654.46","2/17/2025 10:01:48 AM"
"Root File","GDN","GDN 45-2-2025-ĐN-TK( Cap so , Nhan 2025).pdf","GDN 45-2-2025-ĐN-TK( Cap so , Nhan 2025).pdf","1393.84","2/14/2025 3:03:20 PM"
"Root File","GDN","GDN 46-2025-TK (SC sau nghiem thu MBA AMP 1600kVA).pdf","GDN 46-2025-TK (SC sau nghiem thu MBA AMP 1600kVA).pdf","613.38","2/17/2025 10:06:45 AM"
"Root File","GDN","GDN 47-2025-TK (Giao hang SO 1400000709).pdf","GDN 47-2025-TK (Giao hang SO 1400000709).pdf","471.58","2/17/2025 9:59:52 AM"
"Root File","GDN","GDN 48-2025-TK (Giao hang SO 1300007671).pdf","GDN 48-2025-TK (Giao hang SO 1300007671).pdf","438.38","2/17/2025 9:59:59 AM"
"Root File","GDN","GDN 49-2025-TK (DH MBA Kho JIANGU HUACHEN).pdf","GDN 49-2025-TK (DH MBA Kho JIANGU HUACHEN).pdf","552.51","2/17/2025 12:54:47 PM"
"Root File","GDN","GDN 50-2-2025-DN-TK( trang bi may in mau).pdf","GDN 50-2-2025-DN-TK( trang bi may in mau).pdf","655.93","2/19/2025 9:05:40 AM"
"Root File","GDN","GDN 51-2025-TK (Doi ky hieu Dau khoang) GDN 32-2025-KD.pdf","GDN 51-2025-TK (Doi ky hieu Dau khoang) GDN 32-2025-KD.pdf","1116.16","2/17/2025 2:10:45 PM"
"Root File","GDN","GDN 52-2025-TK (Thu nghiem do tang nhiet MBA Kho).pdf","GDN 52-2025-TK (Thu nghiem do tang nhiet MBA Kho).pdf","204.82","2/18/2025 8:36:00 AM"
"Root File","GDN","GDN 53-2025-TK (Giao hang SO 1300007694).pdf","GDN 53-2025-TK (Giao hang SO 1300007694).pdf","432.71","2/18/2025 11:22:47 AM"
"Root File","GDN","GDN 54-2-2025-DN-TK (Dat hang tam inox M42-48)-Dung.pdf","GDN 54-2-2025-DN-TK (Dat hang tam inox M42-48)-Dung.pdf","222.97","2/19/2025 8:04:04 AM"
"Root File","GDN","GDN 55-2-2025-DN-TK(Cap so nhan 2025)-L.Khoi.pdf","GDN 55-2-2025-DN-TK(Cap so nhan 2025)-L.Khoi.pdf","686.87","2/19/2025 9:46:05 AM"
"Root File","GDN","GDN 56-2-2025-DN-TK( mua VT cho SO 1300007706).pdf","GDN 56-2-2025-DN-TK( mua VT cho SO 1300007706).pdf","2824.13","2/19/2025 9:39:28 AM"
"Root File","GDN","GDN 57-2-2025-DN-TK(SD BDC tho SSNT 1P cho TBKT 25007T).pdf","GDN 57-2-2025-DN-TK(SD BDC tho SSNT 1P cho TBKT 25007T).pdf","425.85","2/21/2025 9:00:59 AM"
"Root File","GDN","GDN 58-2-2025-DN-TK(Dat hang bo ty & su cao-ha cho XK)-M.Tung.pdf","GDN 58-2-2025-DN-TK(Dat hang bo ty & su cao-ha cho XK)-M.Tung.pdf","856.27","2/21/2025 9:40:29 AM"
"Root File","GDN","GDN 59-2-2025-DN-TK(DH su Plugin 36kV-630A-JORDAN)-M.Tung.pdf","GDN 59-2-2025-DN-TK(DH su Plugin 36kV-630A-JORDAN)-M.Tung.pdf","591.55","2/21/2025 1:50:19 PM"
"Root File","GDN","GDN 60-2-2025-DN-TK(Dat nhan MBA 1000kVA BDC duoi tai).pdf","GDN 60-2-2025-DN-TK(Dat nhan MBA 1000kVA BDC duoi tai).pdf","606.29","2/21/2025 2:59:59 PM"
"Root File","GDN","GDN 62-2025-TK (Dat hang nhan MBA 1 pha di My).pdf","GDN 62-2025-TK (Dat hang nhan MBA 1 pha di My).pdf","525.95","2/24/2025 7:55:17 AM"
"Root File","GDN","GDN 63-2-2025-DN-TK(Mua VT cho SO 1400000714)-D.Thanh.pdf","GDN 63-2-2025-DN-TK(Mua VT cho SO 1400000714)-D.Thanh.pdf","204.9","2/21/2025 2:59:41 PM"
"Root File","GDN","GDN 65-2-25-DN-TK(Dat hang su cao MBA 35kV-CD965)-M.Thanh.pdf","GDN 65-2-25-DN-TK(Dat hang su cao MBA 35kV-CD965)-M.Thanh.pdf","454.71","2/25/2025 8:26:51 AM"
"Root File","GDN","GDN 66-2-25-DN-TK(Son phu dau boloun nap MBA 3 pha)-M.Thanh.pdf","GDN 66-2-25-DN-TK(Son phu dau boloun nap MBA 3 pha)-M.Thanh.pdf","244.25","2/25/2025 8:50:39 AM"
"Root File","GDN","GDN 67-2-25-DN-TK(Dat hang MBAK JIANGSU HUACHEN)-L.Khoi.pdf","GDN 67-2-25-DN-TK(Dat hang MBAK JIANGSU HUACHEN)-L.Khoi.pdf","547.84","2/25/2025 8:19:05 AM"
"Root File","GDN","GDN 69-2-2025-DN-KT(Thu loi tole 23PHD080 - 23203A,B-1250kVA)-D.Thanh.pdf","GDN 69-2-2025-DN-KT(Thu loi tole 23PHD080 - 23203A,B-1250kVA)-D.Thanh.pdf","191.69","2/27/2025 7:05:16 AM"
"Root File","GDN","GDN 70-02-2025-DN-TK(Dong BB Go ).pdf","GDN 70-02-2025-DN-TK(Dong BB Go ).pdf","407.45","2/27/2025 2:13:05 PM"
"Root File","GDN","GDN 71-02-2025-DN-TK(Mua VT cho SO 1400000707).pdf","GDN 71-02-2025-DN-TK(Mua VT cho SO 1400000707).pdf","564.45","2/27/2025 1:59:20 PM"
"Root File","GDN","GDN 73-2-2025-DN-TK(GH SO 1300007750)-Thanh.pdf","GDN 73-2-2025-DN-TK(GH SO 1300007750)-Thanh.pdf","520.11","2/28/2025 1:47:35 PM"
"Root File","GDN","GDN 74-2025-TK (Dat hang MBA Kho JIANGSU HUACHEN).pdf","GDN 74-2025-TK (Dat hang MBA Kho JIANGSU HUACHEN).pdf","554.32","3/3/2025 1:54:01 PM"
"Root File","GDN","GDN 76-2025-TK (Giao roi vo tu IP20-SO 1300007713).pdf","GDN 76-2025-TK (Giao roi vo tu IP20-SO 1300007713).pdf","175.14","3/3/2025 1:50:54 PM"
"Root File","GDN","GDN 77-2025-TK (Nang cap bo nho may vi tinh).pdf","GDN 77-2025-TK (Nang cap bo nho may vi tinh).pdf","357.73","3/24/2025 1:30:03 PM"
"Root File","GDN","GDN 78-2025-TK (Giao hang SO 1300007771).pdf","GDN 78-2025-TK (Giao hang SO 1300007771).pdf","471.11","3/5/2025 8:56:09 AM"
"Root File","GDN","GDN 80-2025-TK (Cap so nhan 2025 cho MBA 560kVA) GDN 53-2025-KD.pdf","GDN 80-2025-TK (Cap so nhan 2025 cho MBA 560kVA) GDN 53-2025-KD.pdf","1160.07","3/5/2025 8:56:36 AM"
"Root File","GDN","GDN 81-2025-TK (Giao hang SO 1300007638).pdf","GDN 81-2025-TK (Giao hang SO 1300007638).pdf","758.99","3/5/2025 1:44:05 PM"
"Root File","GDN","GDN 82-2025-TK (Thao may 1250kVA dieu tra SO 1800000107-10).pdf","GDN 82-2025-TK (Thao may 1250kVA dieu tra SO 1800000107-10).pdf","210.07","3/5/2025 2:19:17 PM"
"Root File","GDN","GDN 83-2025-TK (Doi su thuong sang su Plugin) GDN 58-2025-KD.pdf","GDN 83-2025-TK (Doi su thuong sang su Plugin) GDN 58-2025-KD.pdf","391.91","3/6/2025 8:10:38 AM"
"Root File","GDN","GDN 85-2025-TK (Cung cap bien ban thu nghiem elbow cac loai).pdf","GDN 85-2025-TK (Cung cap bien ban thu nghiem elbow cac loai).pdf","2057.85","3/10/2025 11:18:44 AM"
"Root File","GDN","GDN 87-2025-TK (Trang bi Bang trang).pdf","GDN 87-2025-TK (Trang bi Bang trang).pdf","151.55","3/13/2025 1:19:45 PM"
"Root File","Other","GĐN 87-2025-TK (Trang bi Bang trang).pdf","GĐN 87-2025-TK (Trang bi Bang trang).pdf","151.55","3/13/2025 1:19:45 PM"
"Root File","GDN","GDN 88-2025-TK (Dat hang MBA Kho JIANGSU LOONG).pdf","GDN 88-2025-TK (Dat hang MBA Kho JIANGSU LOONG).pdf","985","3/11/2025 3:07:04 PM"
"Root File","GDN","GDN 90-2025-TK (Cung cap CO. CQ, HD, Bien ban giao nhan vat tu cac loai).pdf","GDN 90-2025-TK (Cung cap CO. CQ, HD, Bien ban giao nhan vat tu cac loai).pdf","262.51","3/11/2025 3:12:07 PM"
"Root File","GDN","GDN 91-2025-TK (Xu ly loi tole khong dat P0 (750kVA-23200E) T00032156, SL=01 may).pdf","GDN 91-2025-TK (Xu ly loi tole khong dat P0 (750kVA-23200E) T00032156, SL=01 may).pdf","1193.46","3/11/2025 3:29:58 PM"
"Root File","GDN","GDN 92-2025-TK (Trang bi may Latop).pdf","GDN 92-2025-TK (Trang bi may Latop).pdf","235.32","3/19/2025 1:42:26 PM"
"Root File","GDN","GDN 93-2025-TK (Thay su cao Plugin thanh su cao thuong cho MBA 3 pha 100kVA) GDN 62-2025-KD.pdf","GDN 93-2025-TK (Thay su cao Plugin thanh su cao thuong cho MBA 3 pha 100kVA) GDN 62-2025-KD.pdf","820.42","3/12/2025 9:47:27 AM"
"Root File","GDN","GDN 94-2025-TK (Dat hang bang tole silic 18SQD065 ve thu nghiem).pdf","GDN 94-2025-TK (Dat hang bang tole silic 18SQD065 ve thu nghiem).pdf","222.29","3/12/2025 9:47:15 AM"
"Root File","GDN","GDN 96-2025-TK (Dong nhan chu so huu DL Khanh Hoa).pdf","GDN 96-2025-TK (Dong nhan chu so huu DL Khanh Hoa).pdf","818.08","3/13/2025 8:35:23 AM"
"Root File","GDN","GDN 97-2025-TK (Ha cong suat 800kVA xuong 750kVA giao hang SO 1300007674) GDN 67-2025-KD.pdf","GDN 97-2025-TK (Ha cong suat 800kVA xuong 750kVA giao hang SO 1300007674) GDN 67-2025-KD.pdf","1129.27","3/14/2025 3:12:14 PM"
"Root File","GDN","GDN 98-2025-TK (Cap so nhan nam 2025)GDN 69-2025-KD.pdf","GDN 98-2025-TK (Cap so nhan nam 2025)GDN 69-2025-KD.pdf","907.52","3/18/2025 8:27:36 AM"
"Root File","GDN","GDN 99-2025-TK (Khong ban hang MBA kho LOONG de phuc vu nghien cuu).pdf","GDN 99-2025-TK (Khong ban hang MBA kho LOONG de phuc vu nghien cuu).pdf","201.91","3/18/2025 9:30:13 AM"
"Root File","SD","SD GDN 177-2025-TK (SC con dem BD MBA 3522kVA) M. Thanh.pdf","SD GDN 177-2025-TK (SC con dem BD MBA 3522kVA) M. Thanh.pdf","863.25","6/10/2025 11:12:15 AM"
"Root File","SD","SD GDN 225-2025 (xu ly MBA 400kVA-24007B).pdf","SD GDN 225-2025 (xu ly MBA 400kVA-24007B).pdf","912.71","7/25/2025 10:26:32 AM"
"Root File","SD","SD GDN 49-2025-KT (BV Mat bang bo tri thiet bi).pdf","SD GDN 49-2025-KT (BV Mat bang bo tri thiet bi).pdf","490.92","3/21/2025 3:09:41 PM"
"Root File","SD","SD GDN 88-2025-TK (Dat hang MBA Kho JIANGSU LOONG) 400kVA thay 250kVA.pdf","SD GDN 88-2025-TK (Dat hang MBA Kho JIANGSU LOONG) 400kVA thay 250kVA.pdf","983.57","3/12/2025 8:48:23 AM"
"Root File","SD","SDBV GDN 255-2025-TK (Quan thu nghiem boi day ha ap AMP 4000kVA-25135T).pdf","SDBV GDN 255-2025-TK (Quan thu nghiem boi day ha ap AMP 4000kVA-25135T).pdf","1638.96","8/29/2025 1:36:06 PM"
"Folder","Folder","BG GDN 102-2025-TK (Bao gia MBA 3P AMP 50kVA-gong uon 5 tru)","BG GDN 102-2025-TK (Bao gia MBA 3P AMP 50kVA-gong uon 5 tru)","",""
"Subfolder File","Subfolder","BG GDN 102-2025-TK (Bao gia MBA 3P AMP 50kVA-gong uon 5 tru).pdf","BG GDN 102-2025-TK (Bao gia MBA 3P AMP 50kVA-gong uon 5 tru)\BG GDN 102-2025-TK (Bao gia MBA 3P AMP 50kVA-gong uon 5 tru).pdf","3262.51","3/24/2025 3:00:08 PM"
"Subfolder File","Subfolder","CM GDN 102-2025-TK (Bao gia MBA 3P AMP 50kVA-gong uon 5 tru).pdf","BG GDN 102-2025-TK (Bao gia MBA 3P AMP 50kVA-gong uon 5 tru)\CM GDN 102-2025-TK (Bao gia MBA 3P AMP 50kVA-gong uon 5 tru).pdf","4450.84","3/24/2025 2:59:40 PM"
"Subfolder File","Subfolder","HS GDN 102-2025-TK (Bao gia MBA 3P AMP 50kVA-gong uon 5 tru).pdf","BG GDN 102-2025-TK (Bao gia MBA 3P AMP 50kVA-gong uon 5 tru)\HS GDN 102-2025-TK (Bao gia MBA 3P AMP 50kVA-gong uon 5 tru).pdf","2602.37","3/24/2025 3:00:38 PM"
"Folder","Folder","GDN 030-2025-TK (Boc giay cach dien cap F loi tole 3 pha AMP)","GDN 030-2025-TK (Boc giay cach dien cap F loi tole 3 pha AMP)","",""
"Subfolder File","Subfolder","BS DMVT -GDN 30-2025-TK (Boc giay cach dien cap F loi tole 3 pha AMP).pdf","GDN 030-2025-TK (Boc giay cach dien cap F loi tole 3 pha AMP)\BS DMVT -GDN 30-2025-TK (Boc giay cach dien cap F loi tole 3 pha AMP).pdf","400.38","2/5/2025 1:26:01 PM"
"Subfolder File","Subfolder","GDN 030-2025-TK (Boc giay cach dien cap F loi tole 3 pha AMP).pdf","GDN 030-2025-TK (Boc giay cach dien cap F loi tole 3 pha AMP)\GDN 030-2025-TK (Boc giay cach dien cap F loi tole 3 pha AMP).pdf","184.31","2/4/2025 2:06:27 PM"
"Folder","Folder","GDN 107-2025-TK (Dieu choinh TK cuon day cao ap MBA 1000kVA _25034T)","GDN 107-2025-TK (Dieu choinh TK cuon day cao ap MBA 1000kVA _25034T)","",""
"Subfolder File","Subfolder","GDN 107-2025-TK (Dieu choinh TK cuon day cao ap MBA 1000kVA _25034T).pdf","GDN 107-2025-TK (Dieu choinh TK cuon day cao ap MBA 1000kVA _25034T)\GDN 107-2025-TK (Dieu choinh TK cuon day cao ap MBA 1000kVA _25034T).pdf","1153.46","3/25/2025 12:50:11 PM"
"Subfolder File","Subfolder","GDN 107-2025-TK (Dieu choinh TK cuon day cao ap MBA 1000kVA _25034T)-A3.pdf","GDN 107-2025-TK (Dieu choinh TK cuon day cao ap MBA 1000kVA _25034T)\GDN 107-2025-TK (Dieu choinh TK cuon day cao ap MBA 1000kVA _25034T)-A3.pdf","744.49","3/25/2025 12:51:39 PM"
"Folder","Folder","GDN 11-2025-KT (Gia cong sua chua ban lap loi tole silic)","GDN 11-2025-KT (Gia cong sua chua ban lap loi tole silic)","",""
"Subfolder File","Subfolder","GDN 11-2025-KT (Gia cong sua chua ban lap loi tole silic).pdf","GDN 11-2025-KT (Gia cong sua chua ban lap loi tole silic)\GDN 11-2025-KT (Gia cong sua chua ban lap loi tole silic).pdf","1717.53","1/21/2025 2:58:00 PM"
"Subfolder File","Subfolder","GDN 11-2025-KT (Gia cong sua chua ban lap loi tole silic)-A3.pdf","GDN 11-2025-KT (Gia cong sua chua ban lap loi tole silic)\GDN 11-2025-KT (Gia cong sua chua ban lap loi tole silic)-A3.pdf","503.39","1/21/2025 2:58:20 PM"
"Folder","Folder","GDN 128-2025-TK (SC theo YCKH cho MBA Kho 1600kVA& 2500kVA) GDN 16-2025-KDMB","GDN 128-2025-TK (SC theo YCKH cho MBA Kho 1600kVA& 2500kVA) GDN 16-2025-KDMB","",""
"Subfolder File","Subfolder","BS BV GDN 128-2025-TK (GDN 16-2025-KDMB).pdf","GDN 128-2025-TK (SC theo YCKH cho MBA Kho 1600kVA& 2500kVA) GDN 16-2025-KDMB\BS BV GDN 128-2025-TK (GDN 16-2025-KDMB).pdf","794.06","4/16/2025 8:55:14 AM"
"Subfolder File","Subfolder","BS GDN 128-2025-TK (SC theo YCKH cho MBA Kho 1600, 2500kVA).pdf","GDN 128-2025-TK (SC theo YCKH cho MBA Kho 1600kVA& 2500kVA) GDN 16-2025-KDMB\BS GDN 128-2025-TK (SC theo YCKH cho MBA Kho 1600, 2500kVA).pdf","2238.36","4/16/2025 1:54:33 PM"
"Subfolder File","Subfolder","BS-GDN 128-2025-TK (SC theo YCKH cho MBA Kho 1600, 2500kVA) GDN 16-2025-KDMB).pdf","GDN 128-2025-TK (SC theo YCKH cho MBA Kho 1600kVA& 2500kVA) GDN 16-2025-KDMB\BS-GDN 128-2025-TK (SC theo YCKH cho MBA Kho 1600, 2500kVA) GDN 16-2025-KDMB).pdf","266.83","4/25/2025 8:56:48 AM"
"Subfolder File","Subfolder","GDN 128-2025-TK (SC theo YCKH cho MBA Kho 1600kVA& 2500kVA) GDN 16-2025-KDMB.pdf","GDN 128-2025-TK (SC theo YCKH cho MBA Kho 1600kVA& 2500kVA) GDN 16-2025-KDMB\GDN 128-2025-TK (SC theo YCKH cho MBA Kho 1600kVA& 2500kVA) GDN 16-2025-KDMB.pdf","1369.27","4/16/2025 8:11:42 AM"
"Subfolder File","Subfolder","Phieu BTP 254022-13KS (MBA 1600kVA).pdf","GDN 128-2025-TK (SC theo YCKH cho MBA Kho 1600kVA& 2500kVA) GDN 16-2025-KDMB\Phieu BTP 254022-13KS (MBA 1600kVA).pdf","1104.51","4/18/2025 3:27:11 PM"
"Subfolder File","Subfolder","TSKT GDN 25128-2500kVA.pdf","GDN 128-2025-TK (SC theo YCKH cho MBA Kho 1600kVA& 2500kVA) GDN 16-2025-KDMB\TSKT GDN 25128-2500kVA.pdf","1091.13","4/21/2025 10:49:15 AM"
"Folder","Folder","GDN 132-2025-TK (Thay nhan may mo hinh MBA 3 pha 100kVA trung bay tai Campuchia)","GDN 132-2025-TK (Thay nhan may mo hinh MBA 3 pha 100kVA trung bay tai Campuchia)","",""
"Subfolder File","Subfolder","BS DMVT GDN 132-2025-TK.pdf","GDN 132-2025-TK (Thay nhan may mo hinh MBA 3 pha 100kVA trung bay tai Campuchia)\BS DMVT GDN 132-2025-TK.pdf","498.75","4/18/2025 1:14:51 PM"
"Subfolder File","Subfolder","GDN 132-2025-TK (Thay nhan may mo hinh MBA 3 pha 100kVA trung bay tai Campuchia).pdf","GDN 132-2025-TK (Thay nhan may mo hinh MBA 3 pha 100kVA trung bay tai Campuchia)\GDN 132-2025-TK (Thay nhan may mo hinh MBA 3 pha 100kVA trung bay tai Campuchia).pdf","233.94","4/18/2025 10:40:26 AM"
"Folder","Folder","GDN 136-2025-TK (Cap nhat Catalogue, TSKT day hang nen Campuchia)","GDN 136-2025-TK (Cap nhat Catalogue, TSKT day hang nen Campuchia)","",""
"Subfolder File","Subfolder","GDN 136-2025-TK (Cap nhat Catalogue, TSKT day hang nen Campuchia).pdf","GDN 136-2025-TK (Cap nhat Catalogue, TSKT day hang nen Campuchia)\GDN 136-2025-TK (Cap nhat Catalogue, TSKT day hang nen Campuchia).pdf","15551.66","4/29/2025 12:51:41 PM"
"Subfolder File","Subfolder","GDN 136-2025-TK (Cap nhat Catalogue, TSKT day hang nen Campuchia)2.pdf","GDN 136-2025-TK (Cap nhat Catalogue, TSKT day hang nen Campuchia)\GDN 136-2025-TK (Cap nhat Catalogue, TSKT day hang nen Campuchia)2.pdf","15187.95","4/29/2025 12:53:02 PM"
"Folder","Folder","GDN 147-2025-TK (Ty su cao M30)","GDN 147-2025-TK (Ty su cao M30)","",""
"Subfolder File","Subfolder","BS DMVT GDN 147-2025-TK.pdf","GDN 147-2025-TK (Ty su cao M30)\BS DMVT GDN 147-2025-TK.pdf","431.29","5/6/2025 10:31:11 AM"
"Subfolder File","Subfolder","GDN 147-2025-TK (Ty su cao M30).pdf","GDN 147-2025-TK (Ty su cao M30)\GDN 147-2025-TK (Ty su cao M30).pdf","177.14","5/5/2025 2:36:10 PM"
"Subfolder File","Subfolder","GDN 147-2025-TK (Ty su cao M30)-A3.pdf","GDN 147-2025-TK (Ty su cao M30)\GDN 147-2025-TK (Ty su cao M30)-A3.pdf","400.2","5/5/2025 2:36:18 PM"
"Folder","Folder","GDN 154-2025-TK (Ha cong suat 3200kVA xuong 3000kVA) GDN 122-2025-KD","GDN 154-2025-TK (Ha cong suat 3200kVA xuong 3000kVA) GDN 122-2025-KD","",""
"Subfolder File","Subfolder","BS GDN 154-2025-TK (Bo sung DMVT).pdf","GDN 154-2025-TK (Ha cong suat 3200kVA xuong 3000kVA) GDN 122-2025-KD\BS GDN 154-2025-TK (Bo sung DMVT).pdf","466.56","5/15/2025 2:47:51 PM"
"Subfolder File","Subfolder","GDN 154-2025-TK (Ha cong suat 3200kVA xuong 3000kVA) GDN 122-2025-KD.pdf","GDN 154-2025-TK (Ha cong suat 3200kVA xuong 3000kVA) GDN 122-2025-KD\GDN 154-2025-TK (Ha cong suat 3200kVA xuong 3000kVA) GDN 122-2025-KD.pdf","1119.15","5/13/2025 8:05:20 AM"
"Subfolder File","Subfolder","TSKT GDN 25154-3000kVA (254062).pdf","GDN 154-2025-TK (Ha cong suat 3200kVA xuong 3000kVA) GDN 122-2025-KD\TSKT GDN 25154-3000kVA (254062).pdf","1064.23","5/14/2025 1:16:27 PM"
"Subfolder File","Subfolder","TSKT GDN 25154-3000kVA (254063).pdf","GDN 154-2025-TK (Ha cong suat 3200kVA xuong 3000kVA) GDN 122-2025-KD\TSKT GDN 25154-3000kVA (254063).pdf","1072.17","5/14/2025 1:16:45 PM"
"Folder","Folder","GDN 158-2025-TK (Dieu chinh MBA 2500kVA, 4000kVA Theo YCKH) GDN 135-2025-KD","GDN 158-2025-TK (Dieu chinh MBA 2500kVA, 4000kVA Theo YCKH) GDN 135-2025-KD","",""
"Subfolder File","Subfolder","BS GDN 158-2025-TK (BS DMVT).pdf","GDN 158-2025-TK (Dieu chinh MBA 2500kVA, 4000kVA Theo YCKH) GDN 135-2025-KD\BS GDN 158-2025-TK (BS DMVT).pdf","522.62","5/15/2025 9:17:35 AM"
"Subfolder File","Subfolder","GDN 158-2025-TK (Dieu chinh MBA 2500kVA, 4000kVA Theo YCKH) GDN 135-2025-KD.pdf","GDN 158-2025-TK (Dieu chinh MBA 2500kVA, 4000kVA Theo YCKH) GDN 135-2025-KD\GDN 158-2025-TK (Dieu chinh MBA 2500kVA, 4000kVA Theo YCKH) GDN 135-2025-KD.pdf","1297.27","5/14/2025 1:17:59 PM"
"Folder","Folder","GDN 161-2025-KT (gc Khuon quan day kim loai 1.3.200.393)","GDN 161-2025-KT (gc Khuon quan day kim loai 1.3.200.393)","",""
"Subfolder File","Subfolder","GDN 161-2025-KT (gc Khuon quan day kim loai 1.3.200.393).pdf","GDN 161-2025-KT (gc Khuon quan day kim loai 1.3.200.393)\GDN 161-2025-KT (gc Khuon quan day kim loai 1.3.200.393).pdf","1880.99","8/26/2025 9:31:58 AM"
"Subfolder File","Subfolder","GDN 161-2025-KT (gc Khuon quan day kim loai 1.3.200.393)-A3.pdf","GDN 161-2025-KT (gc Khuon quan day kim loai 1.3.200.393)\GDN 161-2025-KT (gc Khuon quan day kim loai 1.3.200.393)-A3.pdf","521.07","8/26/2025 9:32:20 AM"
"Folder","Folder","GDN 163-2025-TK (Hieu chinh MBA 2500kVA sau nghiem thu -YCKH) GDN 135-2025-KD","GDN 163-2025-TK (Hieu chinh MBA 2500kVA sau nghiem thu -YCKH) GDN 135-2025-KD","",""
"Subfolder File","Subfolder","GDN 163-2025-TK (Hieu chinh MBA 2500kVA sau nghiem thu -YCKH) GDN 135-2025-KD.pdf","GDN 163-2025-TK (Hieu chinh MBA 2500kVA sau nghiem thu -YCKH) GDN 135-2025-KD\GDN 163-2025-TK (Hieu chinh MBA 2500kVA sau nghiem thu -YCKH) GDN 135-2025-KD.pdf","518.38","5/16/2025 10:39:51 AM"
"Subfolder File","Subfolder","GDN 163-2025-TK (Hieu chinh MBA 2500kVA sau nghiem thu -YCKH) GDN 135-2025-KD-A3.pdf","GDN 163-2025-TK (Hieu chinh MBA 2500kVA sau nghiem thu -YCKH) GDN 135-2025-KD\GDN 163-2025-TK (Hieu chinh MBA 2500kVA sau nghiem thu -YCKH) GDN 135-2025-KD-A3.pdf","412.97","5/16/2025 10:39:59 AM"
"Folder","Folder","GDN 177-2025-TK (SC Can dem boi day MBA 3522kVA-24115T)","GDN 177-2025-TK (SC Can dem boi day MBA 3522kVA-24115T)","",""
"Subfolder File","Subfolder","GDN 177-2025-TK (SC Can dem boi day MBA 3522kVA-24115T).pdf","GDN 177-2025-TK (SC Can dem boi day MBA 3522kVA-24115T)\GDN 177-2025-TK (SC Can dem boi day MBA 3522kVA-24115T).pdf","1751.27","5/28/2025 1:32:56 PM"
"Subfolder File","Subfolder","GDN 177-2025-TK (SC Can dem boi day MBA 3522kVA-24115T)-A3.pdf","GDN 177-2025-TK (SC Can dem boi day MBA 3522kVA-24115T)\GDN 177-2025-TK (SC Can dem boi day MBA 3522kVA-24115T)-A3.pdf","539.63","5/28/2025 1:33:01 PM"
"Subfolder File","Subfolder","SD GDN 177-2025-TK (SC con dem BD MBA 3522kVA) M. Thanh.pdf","GDN 177-2025-TK (SC Can dem boi day MBA 3522kVA-24115T)\SD GDN 177-2025-TK (SC con dem BD MBA 3522kVA) M. Thanh.pdf","863.25","6/10/2025 11:12:15 AM"
"Folder","Folder","SD GDN 177-2025-TK (BKBV 3522kVA)","GDN 177-2025-TK (SC Can dem boi day MBA 3522kVA-24115T)\SD GDN 177-2025-TK (BKBV 3522kVA)","",""
"Subfolder File","Subfolder","SD GDN 177-2025-TK (BKBV 3522kVA).pdf","GDN 177-2025-TK (SC Can dem boi day MBA 3522kVA-24115T)\SD GDN 177-2025-TK (BKBV 3522kVA)\SD GDN 177-2025-TK (BKBV 3522kVA).pdf","647.96","6/2/2025 10:50:25 AM"
"Subfolder File","Subfolder","SD GDN 177-2025-TK (BKBV 3522kVA)-A3.pdf","GDN 177-2025-TK (SC Can dem boi day MBA 3522kVA-24115T)\SD GDN 177-2025-TK (BKBV 3522kVA)\SD GDN 177-2025-TK (BKBV 3522kVA)-A3.pdf","596.2","6/2/2025 10:50:32 AM"
"Folder","Folder","SDBV GDN 177-2025-TK (SC Can dem bo day MBA 3522kVA)","GDN 177-2025-TK (SC Can dem boi day MBA 3522kVA-24115T)\SDBV GDN 177-2025-TK (SC Can dem bo day MBA 3522kVA)","",""
"Subfolder File","Subfolder","SDBV GDN 177-2025-TK (SC Can dem bo day MBA 3522kVA).pdf","GDN 177-2025-TK (SC Can dem boi day MBA 3522kVA-24115T)\SDBV GDN 177-2025-TK (SC Can dem bo day MBA 3522kVA)\SDBV GDN 177-2025-TK (SC Can dem bo day MBA 3522kVA).pdf","638.09","5/30/2025 3:07:23 PM"
"Subfolder File","Subfolder","SDBV GDN 177-2025-TK (SC Can dem bo day MBA 3522kVA)-A3.pdf","GDN 177-2025-TK (SC Can dem boi day MBA 3522kVA-24115T)\SDBV GDN 177-2025-TK (SC Can dem bo day MBA 3522kVA)\SDBV GDN 177-2025-TK (SC Can dem bo day MBA 3522kVA)-A3.pdf","575.17","5/30/2025 3:07:31 PM"
"Folder","Folder","GDN 178-2025-TK (MBA 1 pha 75, 100kVA, XK Mỹ)","GDN 178-2025-TK (MBA 1 pha 75, 100kVA, XK Mỹ)","",""
"Subfolder File","Subfolder","BS-GDN 178-2025-TK (MBA 1 Pha 75, 100kVA XK Mỹ).pdf","GDN 178-2025-TK (MBA 1 pha 75, 100kVA, XK Mỹ)\BS-GDN 178-2025-TK (MBA 1 Pha 75, 100kVA XK Mỹ).pdf","416.68","5/29/2025 1:06:02 PM"
"Subfolder File","Subfolder","GDN 178-2025-TK (MBA 1 pha 75, 100kVA, XK Mỹ).pdf","GDN 178-2025-TK (MBA 1 pha 75, 100kVA, XK Mỹ)\GDN 178-2025-TK (MBA 1 pha 75, 100kVA, XK Mỹ).pdf","407.41","5/28/2025 2:48:56 PM"
"Folder","Folder","GDN 184-2025-TK (Thay doi khoang cach su cao MBA AMP 100kVA) GDn 156-KD","GDN 184-2025-TK (Thay doi khoang cach su cao MBA AMP 100kVA) GDn 156-KD","",""
"Subfolder File","Subfolder","GDN 184-2025-TK (Thay doi khoang cach su cao MBA AMP 100kVA) GDn 156-KD.pdf","GDN 184-2025-TK (Thay doi khoang cach su cao MBA AMP 100kVA) GDn 156-KD\GDN 184-2025-TK (Thay doi khoang cach su cao MBA AMP 100kVA) GDn 156-KD.pdf","639.19","6/12/2025 2:38:33 PM"
"Subfolder File","Subfolder","GDN 184-2025-TK (Thay doi khoang cach su cao MBA AMP 100kVA) GDn 156-KD-A3.pdf","GDN 184-2025-TK (Thay doi khoang cach su cao MBA AMP 100kVA) GDn 156-KD\GDN 184-2025-TK (Thay doi khoang cach su cao MBA AMP 100kVA) GDn 156-KD-A3.pdf","556.03","6/12/2025 2:38:42 PM"
"Folder","Folder","GDN 194-2025-KT (Dua may quan dong la 3 bang moi vao san xuat)","GDN 194-2025-KT (Dua may quan dong la 3 bang moi vao san xuat)","",""
"Subfolder File","Subfolder","GDN 194-2025-KT (Dua may quan dong la 3 bang moi vao san xuat).pdf","GDN 194-2025-KT (Dua may quan dong la 3 bang moi vao san xuat)\GDN 194-2025-KT (Dua may quan dong la 3 bang moi vao san xuat).pdf","265.9","10/31/2025 1:18:26 PM"
"Subfolder File","Subfolder","GDN 68-2025-TBD (Len ke hoach van hanh thu nghiem may quan dong la 3 lop TQ LG-BRJ 1400-III).pdf","GDN 194-2025-KT (Dua may quan dong la 3 bang moi vao san xuat)\GDN 68-2025-TBD (Len ke hoach van hanh thu nghiem may quan dong la 3 lop TQ LG-BRJ 1400-III).pdf","1845.03","10/31/2025 1:18:41 PM"
"Folder","Folder","GDN 208-2025-TK (D nghi cap nhan moi & dong BS noi dung tren nhan may)","GDN 208-2025-TK (D nghi cap nhan moi & dong BS noi dung tren nhan may)","",""
"Subfolder File","Subfolder","BS DMVT -GDN 208-2025-TK).pdf","GDN 208-2025-TK (D nghi cap nhan moi & dong BS noi dung tren nhan may)\BS DMVT -GDN 208-2025-TK).pdf","209.39","7/2/2025 3:30:25 PM"
"Subfolder File","Subfolder","GDN 208-2025-TK (D nghi cap nhan moi & dong BS noi dung tren nhan may).pdf","GDN 208-2025-TK (D nghi cap nhan moi & dong BS noi dung tren nhan may)\GDN 208-2025-TK (D nghi cap nhan moi & dong BS noi dung tren nhan may).pdf","1130.57","7/2/2025 1:03:14 PM"
"Subfolder File","Subfolder","SB GDN 208-2025-TK (Cap so xuat xuong).pdf","GDN 208-2025-TK (D nghi cap nhan moi & dong BS noi dung tren nhan may)\SB GDN 208-2025-TK (Cap so xuat xuong).pdf","1360.74","7/21/2025 8:38:09 AM"
"Folder","Folder","GDN 209-2025-TK (Xu ly loi tole khong dat P0 2500kVA-24106F, SO 2100000314)","GDN 209-2025-TK (Xu ly loi tole khong dat P0 2500kVA-24106F, SO 2100000314)","",""
"Subfolder File","Subfolder","BS GDN 209-2025-TK (BS them SO 2100000320).pdf","GDN 209-2025-TK (Xu ly loi tole khong dat P0 2500kVA-24106F, SO 2100000314)\BS GDN 209-2025-TK (BS them SO 2100000320).pdf","246.72","7/7/2025 1:55:34 PM"
"Subfolder File","Subfolder","GDN 209-2025-TK (Xu ly loi tole khong dat P0 2500kVA-24106F, SO 2100000314).pdf","GDN 209-2025-TK (Xu ly loi tole khong dat P0 2500kVA-24106F, SO 2100000314)\GDN 209-2025-TK (Xu ly loi tole khong dat P0 2500kVA-24106F, SO 2100000314).pdf","1687.56","7/4/2025 12:56:20 PM"
"Folder","Folder","GDN 216-2025-TK (Thu do kin bo ty su ha the 1.2kV 2690286D08)","GDN 216-2025-TK (Thu do kin bo ty su ha the 1.2kV 2690286D08)","",""
"Subfolder File","Subfolder","BS DMVT GDN 216-2025-TK.pdf","GDN 216-2025-TK (Thu do kin bo ty su ha the 1.2kV 2690286D08)\BS DMVT GDN 216-2025-TK.pdf","515.41","7/24/2025 12:43:24 PM"
"Subfolder File","Subfolder","BS DMVT GDN 216-2025-TK-1.pdf","GDN 216-2025-TK (Thu do kin bo ty su ha the 1.2kV 2690286D08)\BS DMVT GDN 216-2025-TK-1.pdf","581.32","8/7/2025 9:50:04 AM"
"Subfolder File","Subfolder","GDN 216-2025-TK (Thu do kin bo ty su ha the 1.2kV 2690286D08).pdf","GDN 216-2025-TK (Thu do kin bo ty su ha the 1.2kV 2690286D08)\GDN 216-2025-TK (Thu do kin bo ty su ha the 1.2kV 2690286D08).pdf","307.03","7/8/2025 1:38:24 PM"
"Folder","Folder","GDN 223-2025-TK (Giao hang SO 1300008531)","GDN 223-2025-TK (Giao hang SO 1300008531)","",""
"Subfolder File","Subfolder","GDN 223-2025-TK (Giao hang SO 1300008531).pdf","GDN 223-2025-TK (Giao hang SO 1300008531)\GDN 223-2025-TK (Giao hang SO 1300008531).pdf","604.64","7/18/2025 8:09:06 AM"
"Subfolder File","Subfolder","TSKT GDN 25223-2000kVA (254115).pdf","GDN 223-2025-TK (Giao hang SO 1300008531)\TSKT GDN 25223-2000kVA (254115).pdf","1090.71","8/8/2025 1:35:15 PM"
"Subfolder File","Subfolder","TSKT GDN 25223-2000kVA.pdf","GDN 223-2025-TK (Giao hang SO 1300008531)\TSKT GDN 25223-2000kVA.pdf","1131.15","7/21/2025 9:33:24 AM"
"Subfolder File","Subfolder","TSKT-GDN25223-2000kVA.pdf","GDN 223-2025-TK (Giao hang SO 1300008531)\TSKT-GDN25223-2000kVA.pdf","1741.49","7/30/2025 9:50:30 AM"
"Folder","Folder","GDN 224-2025-Tk (Thay doi kich thuoc patte siet cap M42 cho MBA 3P-1500kVA","GDN 224-2025-Tk (Thay doi kich thuoc patte siet cap M42 cho MBA 3P-1500kVA","",""
"Subfolder File","Subfolder","BS DMVT GDN 224-2025-TK.pdf","GDN 224-2025-Tk (Thay doi kich thuoc patte siet cap M42 cho MBA 3P-1500kVA\BS DMVT GDN 224-2025-TK.pdf","456.57","8/6/2025 8:44:09 AM"
"Subfolder File","Subfolder","GDN 224-2025-Tk (Thay doi kich thuoc patte siet cap M42 cho MBA 3P-1500kVA.pdf","GDN 224-2025-Tk (Thay doi kich thuoc patte siet cap M42 cho MBA 3P-1500kVA\GDN 224-2025-Tk (Thay doi kich thuoc patte siet cap M42 cho MBA 3P-1500kVA.pdf","524.25","7/18/2025 3:19:45 PM"
"Folder","Folder","GDN 225-2025-TK (Xu ly 400-24007B cp Pk cao hon tieu chuan T00033429)","GDN 225-2025-TK (Xu ly 400-24007B cp Pk cao hon tieu chuan T00033429)","",""
"Subfolder File","Subfolder","GDN 225-2025-TK (Xu ly 400-24007B cp Pk cao hon tieu chuan T00033429).pdf","GDN 225-2025-TK (Xu ly 400-24007B cp Pk cao hon tieu chuan T00033429)\GDN 225-2025-TK (Xu ly 400-24007B cp Pk cao hon tieu chuan T00033429).pdf","896.42","7/18/2025 3:19:22 PM"
"Subfolder File","Subfolder","SD GDN 225-2025 (xu ly MBA 400kVA-24007B).pdf","GDN 225-2025-TK (Xu ly 400-24007B cp Pk cao hon tieu chuan T00033429)\SD GDN 225-2025 (xu ly MBA 400kVA-24007B).pdf","912.71","7/25/2025 10:26:32 AM"
"Folder","Folder","GDN 230-2025-TK (VS MBA dau & MBA Kho & chuan bi vat tu hoi thao Da Nang)","GDN 230-2025-TK (VS MBA dau & MBA Kho & chuan bi vat tu hoi thao Da Nang)","",""
"Subfolder File","Subfolder","BS GDN 230-2025-TK (Thay doi so may T00034133).pdf","GDN 230-2025-TK (VS MBA dau & MBA Kho & chuan bi vat tu hoi thao Da Nang)\BS GDN 230-2025-TK (Thay doi so may T00034133).pdf","860.17","7/24/2025 2:39:27 PM"
"Subfolder File","Subfolder","GDN 230-2025-TK (VS MBA dau & MBA Kho & chuan bi vat tu hoi thao Da Nang).pdf","GDN 230-2025-TK (VS MBA dau & MBA Kho & chuan bi vat tu hoi thao Da Nang)\GDN 230-2025-TK (VS MBA dau & MBA Kho & chuan bi vat tu hoi thao Da Nang).pdf","857.37","7/23/2025 2:19:27 PM"
"Folder","Folder","GDN 232-2025-TK (MBA 1P Pad Mounted 50kVA)","GDN 232-2025-TK (MBA 1P Pad Mounted 50kVA)","",""
"Subfolder File","Subfolder","BS DMVT GDN 232-2025-TK.pdf","GDN 232-2025-TK (MBA 1P Pad Mounted 50kVA)\BS DMVT GDN 232-2025-TK.pdf","525.78","8/7/2025 9:49:54 AM"
"Subfolder File","Subfolder","GDN 232-2025-TK (MBA 1P Pad Mounted 50kVA).pdf","GDN 232-2025-TK (MBA 1P Pad Mounted 50kVA)\GDN 232-2025-TK (MBA 1P Pad Mounted 50kVA).pdf","249.58","7/24/2025 10:55:48 AM"
"Folder","Folder","GDN 234-2025-TK (Giao hang SO 1300008580)","GDN 234-2025-TK (Giao hang SO 1300008580)","",""
"Subfolder File","Subfolder","BS GDN 234-2025-TK (Thay so may T00031986).pdf","GDN 234-2025-TK (Giao hang SO 1300008580)\BS GDN 234-2025-TK (Thay so may T00031986).pdf","478.87","7/28/2025 11:06:24 AM"
"Subfolder File","Subfolder","GDN 234-2025-TK (Giao hang SO 1300008580).pdf","GDN 234-2025-TK (Giao hang SO 1300008580)\GDN 234-2025-TK (Giao hang SO 1300008580).pdf","619.38","7/25/2025 2:26:43 PM"
"Folder","Folder","GDN 236-2025-TK (Ap dung nhan may thep khng gi cho MBA XK)","GDN 236-2025-TK (Ap dung nhan may thep khng gi cho MBA XK)","",""
"Subfolder File","Subfolder","GDN 236-2025-TK (Ap dung nhan may thep khng gi cho MBA XK).pdf","GDN 236-2025-TK (Ap dung nhan may thep khng gi cho MBA XK)\GDN 236-2025-TK (Ap dung nhan may thep khng gi cho MBA XK).pdf","210.96","7/30/2025 9:50:40 AM"
"Subfolder File","Subfolder","SD GDN 236-2025-TK (Ap dung nhan may thep khong gi cho MBA XK).pdf","GDN 236-2025-TK (Ap dung nhan may thep khng gi cho MBA XK)\SD GDN 236-2025-TK (Ap dung nhan may thep khong gi cho MBA XK).pdf","487.82","8/21/2025 3:24:59 PM"
"Folder","Folder","GDN 239-2025-TK (Thu nghiem do tang nhiet MBA Kho)","GDN 239-2025-TK (Thu nghiem do tang nhiet MBA Kho)","",""
"Subfolder File","Subfolder","GDN 239-2025-TK (Thu nghiem do tang nhiet MBA Kho).pdf","GDN 239-2025-TK (Thu nghiem do tang nhiet MBA Kho)\GDN 239-2025-TK (Thu nghiem do tang nhiet MBA Kho).pdf","574.4","8/1/2025 8:24:22 AM"
"Subfolder File","Subfolder","TSKT GDN 25239-4000kVA.pdf","GDN 239-2025-TK (Thu nghiem do tang nhiet MBA Kho)\TSKT GDN 25239-4000kVA.pdf","1085.15","8/11/2025 1:55:54 PM"
"Folder","Folder","GDN 240-2025-TK ( Dem may di thu nghiem KEMA)","GDN 240-2025-TK ( Dem may di thu nghiem KEMA)","",""
"Subfolder File","Subfolder","GDN 240-2025-TK ( Dem may di thu nghiem KEMA).pdf","GDN 240-2025-TK ( Dem may di thu nghiem KEMA)\GDN 240-2025-TK ( Dem may di thu nghiem KEMA).pdf","959.33","8/1/2025 8:22:56 AM"
"Subfolder File","Subfolder","GDN 240-2025-TK (HD Dich vu).pdf","GDN 240-2025-TK ( Dem may di thu nghiem KEMA)\GDN 240-2025-TK (HD Dich vu).pdf","2768.22","8/1/2025 8:23:17 AM"
"Folder","Folder","GDN 253-2025-TK (Cap so nhan 2025) GDN 221-2025-KD","GDN 253-2025-TK (Cap so nhan 2025) GDN 221-2025-KD","",""
"Subfolder File","Subfolder","GDN 253-2025-TK (Cap so nhan 2025) GDN 221-2025-KD.pdf","GDN 253-2025-TK (Cap so nhan 2025) GDN 221-2025-KD\GDN 253-2025-TK (Cap so nhan 2025) GDN 221-2025-KD.pdf","954.58","8/21/2025 8:21:09 AM"
"Subfolder File","Subfolder","SD GDN 253-2025-TK (Cap so nhan 2025-doi so may T00029494).pdf","GDN 253-2025-TK (Cap so nhan 2025) GDN 221-2025-KD\SD GDN 253-2025-TK (Cap so nhan 2025-doi so may T00029494).pdf","226.6","8/21/2025 9:25:47 AM"
"Folder","Folder","GDN 26-2025-TK (Yeu cau cung cap tai lieu Catologue, CO,CQ day dien tu cua Cty Tien Thinh) GDN 04-2025-VT","GDN 26-2025-TK (Yeu cau cung cap tai lieu Catologue, CO,CQ day dien tu cua Cty Tien Thinh) GDN 04-2025-VT","",""
"Subfolder File","Subfolder","BG GDN 26--2025-TK (Yeu cau cunbg cap tai lieu Catalogue, CO, CQ day dientu cua Cty Tien Thinh).pdf","GDN 26-2025-TK (Yeu cau cung cap tai lieu Catologue, CO,CQ day dien tu cua Cty Tien Thinh) GDN 04-2025-VT\BG GDN 26--2025-TK (Yeu cau cunbg cap tai lieu Catalogue, CO, CQ day dientu cua Cty Tien Thinh).pdf","802.81","1/23/2025 3:07:08 PM"
"Subfolder File","Subfolder","GDN 26-2025-TK (Yeu cau cung cap tai lieu Catologue, CO,CQ day dien tu cua Cty Tien Thinh) GDN 04-2025-VT.pdf","GDN 26-2025-TK (Yeu cau cung cap tai lieu Catologue, CO,CQ day dien tu cua Cty Tien Thinh) GDN 04-2025-VT\GDN 26-2025-TK (Yeu cau cung cap tai lieu Catologue, CO,CQ day dien tu cua Cty Tien Thinh) GDN 04-2025-VT.pdf","426.07","1/21/2025 9:08:51 AM"
"Folder","Folder","GDN 265-2025-TK (Thu nghiem ket cau cuon day nhom)","GDN 265-2025-TK (Thu nghiem ket cau cuon day nhom)","",""
"Subfolder File","Subfolder","GDN 265-2025-TK (Thu nghiem ket cau cuon day nhom).pdf","GDN 265-2025-TK (Thu nghiem ket cau cuon day nhom)\GDN 265-2025-TK (Thu nghiem ket cau cuon day nhom).pdf","1356.62","8/29/2025 2:32:43 PM"
"Subfolder File","Subfolder","GDN 265-2025-TK (Thu nghiem ket cau cuon day nhom)-A3.pdf","GDN 265-2025-TK (Thu nghiem ket cau cuon day nhom)\GDN 265-2025-TK (Thu nghiem ket cau cuon day nhom)-A3.pdf","787","8/29/2025 2:32:50 PM"
"Folder","Folder","GDN 27-2025-TK (Mua TI & SIM lap cho MBA SM T00030684)","GDN 27-2025-TK (Mua TI & SIM lap cho MBA SM T00030684)","",""
"Subfolder File","Subfolder","BS DMVT GDN 27-2025-TK (Mua TI & Sim lap cho MBA SM T00030684).pdf","GDN 27-2025-TK (Mua TI & SIM lap cho MBA SM T00030684)\BS DMVT GDN 27-2025-TK (Mua TI & Sim lap cho MBA SM T00030684).pdf","405.65","1/24/2025 11:04:53 AM"
"Subfolder File","Subfolder","GDN 27-2025-TK (Mua TI & SIM lap cho MBA SM T00030684).pdf","GDN 27-2025-TK (Mua TI & SIM lap cho MBA SM T00030684)\GDN 27-2025-TK (Mua TI & SIM lap cho MBA SM T00030684).pdf","201.83","1/24/2025 9:07:52 AM"
"Folder","Folder","GDN 272-2025-TK (Thu nghiem day dien tu nhom cua Cty FFC) GDN 58-2025-VT","GDN 272-2025-TK (Thu nghiem day dien tu nhom cua Cty FFC) GDN 58-2025-VT","",""
"Subfolder File","Subfolder","BS GDN 272-2025-TK (Thu nghiem day dien tu nhom cua Cty FFC).pdf","GDN 272-2025-TK (Thu nghiem day dien tu nhom cua Cty FFC) GDN 58-2025-VT\BS GDN 272-2025-TK (Thu nghiem day dien tu nhom cua Cty FFC).pdf","416.77","9/9/2025 3:11:57 PM"
"Subfolder File","Subfolder","GDN 272-2025-TK (Thu nghiem day dien tu nhom cua Cty FFC) GDN 58-2025-VT.pdf","GDN 272-2025-TK (Thu nghiem day dien tu nhom cua Cty FFC) GDN 58-2025-VT\GDN 272-2025-TK (Thu nghiem day dien tu nhom cua Cty FFC) GDN 58-2025-VT.pdf","4362.53","9/5/2025 3:32:25 PM"
"Folder","Folder","GDN 277-2025-TK (Hieuj chinh 3 may 50kVA cho DH SO 1400000770)","GDN 277-2025-TK (Hieuj chinh 3 may 50kVA cho DH SO 1400000770)","",""
"Subfolder File","Subfolder","GDN 277-2025-TK (Hieuj chinh 3 may 50kVA cho DH SO 1400000770).pdf","GDN 277-2025-TK (Hieuj chinh 3 may 50kVA cho DH SO 1400000770)\GDN 277-2025-TK (Hieuj chinh 3 may 50kVA cho DH SO 1400000770).pdf","4254.93","9/15/2025 1:28:48 PM"
"Subfolder File","Subfolder","GDN 277-2025-TK (Hieuj chinh 3 may 50kVA cho DH SO 1400000770)-A3.pdf","GDN 277-2025-TK (Hieuj chinh 3 may 50kVA cho DH SO 1400000770)\GDN 277-2025-TK (Hieuj chinh 3 may 50kVA cho DH SO 1400000770)-A3.pdf","774.19","9/15/2025 1:28:55 PM"
"Folder","Folder","GDN 279-2025-TK (Ket luan thu dong la- Quatest3)","GDN 279-2025-TK (Ket luan thu dong la- Quatest3)","",""
"Subfolder File","Subfolder","GDN 279-2025-TK (Ket luan thu dong la- Quatest3).pdf","GDN 279-2025-TK (Ket luan thu dong la- Quatest3)\GDN 279-2025-TK (Ket luan thu dong la- Quatest3).pdf","1287.9","9/19/2025 11:12:28 AM"
"Subfolder File","Subfolder","PHIEU KET QUA THU NGHIEM (dong la-1.5X600X500mm- Quatest3).pdf","GDN 279-2025-TK (Ket luan thu dong la- Quatest3)\PHIEU KET QUA THU NGHIEM (dong la-1.5X600X500mm- Quatest3).pdf","6309.44","9/19/2025 11:13:29 AM"
"Folder","Folder","GDN 299-2025-TK (SC bao hanh MBA 3 pha 630kVA)","GDN 299-2025-TK (SC bao hanh MBA 3 pha 630kVA)","",""
"Subfolder File","Subfolder","GDN 299-2025-TK (SC bao hanh MBA 3 pha 630kVA).pdf","GDN 299-2025-TK (SC bao hanh MBA 3 pha 630kVA)\GDN 299-2025-TK (SC bao hanh MBA 3 pha 630kVA).pdf","1615.5","10/17/2025 3:37:08 PM"
"Subfolder File","Subfolder","GDN 299-2025-TK (SC bao hanh MBA 3 pha 630kVA)-A3.pdf","GDN 299-2025-TK (SC bao hanh MBA 3 pha 630kVA)\GDN 299-2025-TK (SC bao hanh MBA 3 pha 630kVA)-A3.pdf","565.51","10/17/2025 3:37:17 PM"
"Folder","Folder","GDN 302-2025-TK (Gia cong 01 bo vo thung MBA Pad mouted 3P-150kVA)","GDN 302-2025-TK (Gia cong 01 bo vo thung MBA Pad mouted 3P-150kVA)","",""
"Subfolder File","Subfolder","DMVT-GDN 302-2025-TK (Gia cong 01 bo vo thung MBA Pad mouted 3P-150kVA).pdf","GDN 302-2025-TK (Gia cong 01 bo vo thung MBA Pad mouted 3P-150kVA)\DMVT-GDN 302-2025-TK (Gia cong 01 bo vo thung MBA Pad mouted 3P-150kVA).pdf","2979.98","10/24/2025 8:53:43 AM"
"Subfolder File","Subfolder","GDN 302-2025-TK (Gia cong 01 bo vo thung MBA Pad mouted 3P-150kVA).pdf","GDN 302-2025-TK (Gia cong 01 bo vo thung MBA Pad mouted 3P-150kVA)\GDN 302-2025-TK (Gia cong 01 bo vo thung MBA Pad mouted 3P-150kVA).pdf","759.61","10/24/2025 8:51:56 AM"
"Subfolder File","Subfolder","GDN 302-2025-TK (Gia cong 01 bo vo thung MBA Pad mouted 3P-150kVA)-A3..pdf","GDN 302-2025-TK (Gia cong 01 bo vo thung MBA Pad mouted 3P-150kVA)\GDN 302-2025-TK (Gia cong 01 bo vo thung MBA Pad mouted 3P-150kVA)-A3..pdf","4212.65","10/24/2025 9:53:34 AM"
"Subfolder File","Subfolder","GDN 302-2025-TK (Gia cong 01 bo vo thung MBA Pad mouted 3P-150kVA)-A4.pdf","GDN 302-2025-TK (Gia cong 01 bo vo thung MBA Pad mouted 3P-150kVA)\GDN 302-2025-TK (Gia cong 01 bo vo thung MBA Pad mouted 3P-150kVA)-A4.pdf","7715.38","10/24/2025 9:57:26 AM"
"Folder","Folder","GDN 321-2025-TK (Tim nha cung cap vat tu MBA Padmounted)","GDN 321-2025-TK (Tim nha cung cap vat tu MBA Padmounted)","",""
"Subfolder File","Subfolder","GDN 321-2025-TK (Tim nha cung cap vat tu MBA Padmounted).pdf","GDN 321-2025-TK (Tim nha cung cap vat tu MBA Padmounted)\GDN 321-2025-TK (Tim nha cung cap vat tu MBA Padmounted).pdf","431.12","11/12/2025 1:45:23 PM"
"Subfolder File","Subfolder","GDN 321-2025-TK (Tim nha cung cap vat tu MBA Padmounted)-A3.pdf","GDN 321-2025-TK (Tim nha cung cap vat tu MBA Padmounted)\GDN 321-2025-TK (Tim nha cung cap vat tu MBA Padmounted)-A3.pdf","1042.73","11/12/2025 1:45:32 PM"
"Folder","Folder","GDN 49-2025-TK (DH MBA Kho JIANGU HUACHEN)","GDN 49-2025-TK (DH MBA Kho JIANGU HUACHEN)","",""
"Subfolder File","Subfolder","GDN 49-2025-TK (DH MBA Kho JIANGU HUACHEN).pdf","GDN 49-2025-TK (DH MBA Kho JIANGU HUACHEN)\GDN 49-2025-TK (DH MBA Kho JIANGU HUACHEN).pdf","552.51","2/17/2025 12:54:47 PM"
"Subfolder File","Subfolder","SD GDN 49-2025-KT (BV Mat bang bo tri thiet bi).pdf","GDN 49-2025-TK (DH MBA Kho JIANGU HUACHEN)\SD GDN 49-2025-KT (BV Mat bang bo tri thiet bi).pdf","490.92","3/21/2025 3:09:41 PM"
"Folder","Folder","GDN 64-2-2025-DN-TK(MBA 1P XUAT KHAU USA)","GDN 64-2-2025-DN-TK(MBA 1P XUAT KHAU USA)","",""
"Subfolder File","Subfolder","GDN 64-2-2025-DN-TK(MBA 1P XUAT KHAU USA).pdf","GDN 64-2-2025-DN-TK(MBA 1P XUAT KHAU USA)\GDN 64-2-2025-DN-TK(MBA 1P XUAT KHAU USA).pdf","552.94","3/7/2025 2:19:03 PM"
"Subfolder File","Subfolder","GDN 64-2-2025-DN-TK+ TSKT(MBA 1P XUAT KHAU USA).pdf","GDN 64-2-2025-DN-TK(MBA 1P XUAT KHAU USA)\GDN 64-2-2025-DN-TK+ TSKT(MBA 1P XUAT KHAU USA).pdf","7981.58","3/7/2025 2:20:29 PM"
"Folder","Folder","GDN 68-2-2025-DN-KT(Han moc cau MBA 400&1250kVA)M.Thanh","GDN 68-2-2025-DN-KT(Han moc cau MBA 400&1250kVA)M.Thanh","",""
"Subfolder File","Subfolder","BV-68-2-2025-DN-KT(Han moc cau MBA 400&1250kVA)M.Thanh.pdf","GDN 68-2-2025-DN-KT(Han moc cau MBA 400&1250kVA)M.Thanh\BV-68-2-2025-DN-KT(Han moc cau MBA 400&1250kVA)M.Thanh.pdf","967.04","2/26/2025 12:40:27 PM"
"Subfolder File","Subfolder","GDN 68-2-2025-DN-KT(Han moc cau MBA 400&1250kVA)M.Thanh.pdf","GDN 68-2-2025-DN-KT(Han moc cau MBA 400&1250kVA)M.Thanh\GDN 68-2-2025-DN-KT(Han moc cau MBA 400&1250kVA)M.Thanh.pdf","294.66","2/26/2025 12:40:12 PM"
"Folder","Folder","GDN 75-2025-TK (Thay nhan so cac MBA 3 pha truoc khi giao hang)GDN 37-2025-KD","GDN 75-2025-TK (Thay nhan so cac MBA 3 pha truoc khi giao hang)GDN 37-2025-KD","",""
"Subfolder File","Subfolder","BS DMVT GDN 75-2025-TK (Thay nhan so cac MBA 3 pha truoc khi giao hang).pdf","GDN 75-2025-TK (Thay nhan so cac MBA 3 pha truoc khi giao hang)GDN 37-2025-KD\BS DMVT GDN 75-2025-TK (Thay nhan so cac MBA 3 pha truoc khi giao hang).pdf","485.76","3/4/2025 9:04:43 AM"
"Subfolder File","Subfolder","GDN 75-2025-TK (Thay nhan so cac MBA 3 pha truoc khi giao hang)GDN 37-2025-KD.pdf","GDN 75-2025-TK (Thay nhan so cac MBA 3 pha truoc khi giao hang)GDN 37-2025-KD\GDN 75-2025-TK (Thay nhan so cac MBA 3 pha truoc khi giao hang)GDN 37-2025-KD.pdf","1456.79","3/3/2025 1:52:43 PM"
"Subfolder File","Subfolder","SD GDN 75-2025-TK (Thay nhan so cac MBA 3 pha truoc khi giao hang).pdf","GDN 75-2025-TK (Thay nhan so cac MBA 3 pha truoc khi giao hang)GDN 37-2025-KD\SD GDN 75-2025-TK (Thay nhan so cac MBA 3 pha truoc khi giao hang).pdf","816.1","3/4/2025 12:53:08 PM"
"Folder","Folder","GDN 84-2025-TK (Son phu dau boulon nap may MBA 3 pha)","GDN 84-2025-TK (Son phu dau boulon nap may MBA 3 pha)","",""
"Subfolder File","Subfolder","BS DMVT GDN 84-2025-TK (Son phu dau boulon nap may MBA 3 pha).pdf","GDN 84-2025-TK (Son phu dau boulon nap may MBA 3 pha)\BS DMVT GDN 84-2025-TK (Son phu dau boulon nap may MBA 3 pha).pdf","773.38","3/10/2025 10:41:13 AM"
"Subfolder File","Subfolder","GDN 84-2025-TK (Son phu dau boulon nap may MBA 3 pha).pdf","GDN 84-2025-TK (Son phu dau boulon nap may MBA 3 pha)\GDN 84-2025-TK (Son phu dau boulon nap may MBA 3 pha).pdf","243.02","3/7/2025 8:15:51 AM"
"Folder","Folder","GDN 88-2025-TK (Dat hang MBA Kho JIANGSU LOONG)","GDN 88-2025-TK (Dat hang MBA Kho JIANGSU LOONG)","",""
"Subfolder File","Subfolder","GDN 88-2025-TK (Dat hang MBA Kho JIANGSU LOONG).pdf","GDN 88-2025-TK (Dat hang MBA Kho JIANGSU LOONG)\GDN 88-2025-TK (Dat hang MBA Kho JIANGSU LOONG).pdf","985","3/11/2025 3:07:04 PM"
"Subfolder File","Subfolder","SD GDN 88-2025-TK (Dat hang MBA Kho JIANGSU LOONG) 400kVA thay 250kVA.pdf","GDN 88-2025-TK (Dat hang MBA Kho JIANGSU LOONG)\SD GDN 88-2025-TK (Dat hang MBA Kho JIANGSU LOONG) 400kVA thay 250kVA.pdf","983.57","3/12/2025 8:48:23 AM"
"Folder","Folder","GDN 97-2025-TK (Ha cong suat 800kVA xuong 750kVA giao hang SO 1300007674) GDN 67-2025-KD","GDN 97-2025-TK (Ha cong suat 800kVA xuong 750kVA giao hang SO 1300007674) GDN 67-2025-KD","",""
"Subfolder File","Subfolder","GDN 97-2025-TK (Ha cong suat 800kVA xuong 750kVA giao hang SO 1300007674) GDN 67-2025-KD.pdf","GDN 97-2025-TK (Ha cong suat 800kVA xuong 750kVA giao hang SO 1300007674) GDN 67-2025-KD\GDN 97-2025-TK (Ha cong suat 800kVA xuong 750kVA giao hang SO 1300007674) GDN 67-2025-KD.pdf","1129.27","3/14/2025 3:12:14 PM"
"Subfolder File","Subfolder","TSKT GDN 25097-750kVA.pdf","GDN 97-2025-TK (Ha cong suat 800kVA xuong 750kVA giao hang SO 1300007674) GDN 67-2025-KD\TSKT GDN 25097-750kVA.pdf","1104","3/18/2025 8:27:05 AM"
